TIMESTAMP;RSSI NO ANTENNA;RSSI ANTENNA PCB;RSSI ANTENNA 3D;AVERAGE NO;AVERAGE PCB;AVERAGE 3D;ORIENTATION_X;ORIENTATION_Y;ORIENTATION_Z;
14:26:43:462;0;0;-80;0;0;-85;-1,213;-0,002;-0,017;
14:26:43:927;0;-84;0;0;-85;0;-1,185;0,001;-0,017;
14:26:44:082;0;0;-93;0;0;-86;-1,238;0,070;-0,002;
14:26:44:702;0;0;-81;0;0;-85;-1,062;-0,060;-0,065;
14:26:45:012;0;0;-79;0;0;-85;-1,203;0,028;-0,071;
14:26:45:167;0;-82;0;0;-85;0;-1,099;-0,071;-0,068;
14:26:45:322;0;0;-87;0;0;-85;-1,282;0,094;0,008;
14:26:45:477;0;-84;0;0;-85;0;-1,212;0,004;-0,065;
14:26:45:632;0;0;-82;0;0;-84;-1,185;0,007;0,011;
14:26:45:787;0;-83;0;0;-85;0;-1,184;0,001;-0,000;
14:26:46:254;0;0;-85;0;0;-84;-1,210;0,014;-0,031;
14:26:46:562;0;0;-86;0;0;-84;-0,413;-0,335;0,325;
14:26:47:186;0;0;-83;0;0;-84;-1,219;0,019;-0,047;
14:26:47:337;0;-83;0;0;-85;0;-1,198;0,015;-0,029;
14:26:47:647;0;-81;0;0;-84;0;-1,187;0,014;-0,034;
14:26:47:805;0;0;-81;0;0;-84;-1,187;0,012;-0,038;
14:26:47:957;0;-81;0;0;-84;0;-1,187;0,016;-0,033;
14:26:48:422;0;0;-83;0;0;-83;-1,159;0,001;-0,030;
14:26:48:577;0;-83;0;0;-84;0;-1,171;0,013;-0,030;
14:26:48:730;0;0;-83;0;0;-83;-1,170;0,014;-0,033;
14:26:48:887;0;-83;0;0;-83;0;-1,168;0,013;-0,031;
14:26:49:352;0;0;-82;0;0;-83;-1,170;0,015;-0,035;
14:26:49:662;0;0;-80;0;0;-83;-1,165;0,013;-0,031;
14:26:49:817;0;-80;0;0;-83;0;-1,165;0,017;-0,019;
14:26:49:972;0;0;-80;0;0;-82;-1,164;0,013;-0,025;
14:26:50:127;0;-80;0;0;-83;0;-1,164;0,013;-0,029;
14:26:50:282;0;0;-80;0;0;-82;-1,158;0,010;-0,028;
14:26:50:750;0;-80;0;0;-82;0;-1,157;0,011;-0,029;
14:26:50:902;0;0;-80;0;0;-82;-1,168;0,015;-0,029;
14:26:51:212;0;0;-79;0;0;-82;-1,257;0,078;-0,032;
14:26:51:678;0;-80;0;0;-82;0;-1,169;0,013;-0,027;
14:26:51:677;0;-80;0;0;-77;0;-1,169;0,013;-0,027;
14:26:52:299;0;-78;0;0;-77;0;-1,151;0,010;-0,027;
14:26:52:298;0;-78;0;0;-81;0;-1,151;0,010;-0,027;
14:26:52:452;0;0;-81;0;0;-77;-1,154;0,009;-0,028;
14:26:52:456;0;0;-81;0;0;-82;-1,167;0,021;-0,025;
14:26:52:608;0;-82;0;0;-81;0;-1,161;0,017;-0,029;
14:26:52:607;0;-82;0;0;-77;0;-1,161;0,017;-0,029;
14:26:52:762;0;0;-79;0;0;-77;-1,168;0,018;-0,034;
14:26:52:934;0;-79;0;0;-77;0;-1,168;0,019;-0,031;
14:26:53:072;0;0;-77;0;0;-82;-1,161;0,016;-0,030;
14:26:53:072;0;0;-77;0;0;-77;-1,161;0,016;-0,030;
14:26:53:227;0;-78;0;0;-81;0;-1,160;0,015;-0,031;
14:26:53:228;0;-78;0;0;-77;0;-1,158;0,013;-0,031;
14:26:53:383;0;0;-81;0;0;-77;-1,161;0,015;-0,032;
14:26:53:385;0;0;-81;0;0;-82;-1,161;0,015;-0,032;
14:26:53:692;0;0;-79;0;0;-81;-1,160;0,015;-0,033;
14:26:53:692;0;0;-79;0;0;-77;-1,160;0,015;-0,033;
14:26:53:847;0;-81;0;0;-78;0;-1,159;0,015;-0,030;
14:26:53:848;0;-81;0;0;-81;0;-1,159;0,015;-0,030;
14:26:54:002;0;0;-81;0;0;-77;-1,156;0,014;-0,029;
14:26:54:002;0;0;-81;0;0;-81;-1,153;0,014;-0,029;
14:26:54:157;0;-82;0;0;-78;0;-1,160;0,013;-0,031;
14:26:54:158;0;-82;0;0;-81;0;-1,160;0,013;-0,031;
14:26:54:628;0;0;-78;0;0;-81;-1,167;0,015;-0,031;
14:26:54:630;0;0;-78;0;0;-77;-1,167;0,015;-0,031;
14:26:54:777;0;-78;0;0;-78;0;-1,157;0,012;-0,029;
14:26:54:781;0;-78;0;0;-81;0;-1,157;0,012;-0,029;
14:26:54:947;0;0;-78;0;0;-80;-1,161;0,014;-0,030;
14:26:54:947;0;0;-78;0;0;-77;-1,161;0,014;-0,030;
14:26:55:087;0;-78;0;0;-78;0;-1,159;0,014;-0,031;
14:26:55:242;0;0;-78;0;0;-77;-1,164;0,016;-0,033;
14:26:55:242;0;0;-78;0;0;-80;-1,164;0,016;-0,033;
14:26:55:397;0;-78;0;0;-81;0;-1,163;0,015;-0,030;
14:26:55:397;0;-78;0;0;-78;0;-1,163;0,015;-0,030;
14:26:55:707;0;-79;0;0;-80;0;-1,163;0,014;-0,032;
14:26:55:707;0;-79;0;0;-78;0;-1,163;0,014;-0,032;
14:26:55:862;0;0;-80;0;0;-77;-1,160;0,013;-0,032;
14:26:55:862;0;0;-80;0;0;-80;-1,160;0,013;-0,032;
14:26:56:019;0;-80;0;0;-78;0;-1,160;0,015;-0,029;
14:26:56:018;0;-80;0;0;-80;0;-1,160;0,015;-0,029;
14:26:56:172;0;0;-77;0;0;-80;-1,154;0,013;-0,030;
14:26:56:175;0;0;-77;0;0;-77;-1,154;0,013;-0,030;
14:26:56:328;0;-79;0;0;-78;0;-1,155;0,013;-0,030;
14:26:56:328;0;-79;0;0;-80;0;-1,157;0,014;-0,030;
14:26:56:487;0;0;-80;0;0;-78;-1,160;0,015;-0,030;
14:26:57:274;0;-80;0;0;-78;0;-1,167;0,014;-0,031;
14:26:57:412;0;0;-80;0;0;-78;-1,164;0,013;-0,030;
14:26:57:567;0;-80;0;0;-80;0;-1,162;0,015;-0,031;
14:26:57:571;0;-80;0;0;-78;0;-1,162;0,015;-0,031;
14:26:57:723;0;0;-80;0;0;-78;-1,158;0,013;-0,028;
14:26:57:722;0;0;-80;0;0;-79;-1,158;0,013;-0,028;
14:26:58:034;0;0;-78;0;0;-78;-1,159;0,016;-0,030;
14:26:58:032;0;0;-78;0;0;-79;-1,159;0,016;-0,030;
14:26:58:187;0;-79;0;0;-80;0;-1,155;0,015;-0,029;
14:26:58:187;0;-79;0;0;-78;0;-1,155;0,015;-0,029;
14:26:58:345;0;0;-77;0;0;-79;-1,156;0,014;-0,029;
14:26:58:346;0;0;-77;0;0;-78;-1,156;0,014;-0,029;
14:26:58:497;0;-78;0;0;-78;0;-1,158;0,013;-0,032;
14:26:58:498;0;-78;0;0;-79;0;-1,162;0,016;-0,031;
14:26:58:652;0;0;-78;0;0;-78;-1,161;0,014;-0,031;
14:26:58:652;0;0;-78;0;0;-79;-1,161;0,014;-0,031;
14:26:58:808;0;-78;0;0;-79;0;-1,165;0,015;-0,031;
14:26:58:808;0;-78;0;0;-79;0;-1,165;0,015;-0,031;
14:26:58:962;0;0;-78;0;0;-78;-1,166;0,017;-0,032;
14:26:58:965;0;0;-78;0;0;-79;-1,166;0,017;-0,032;
14:26:59:117;0;-78;0;0;-79;0;-1,163;0,016;-0,032;
14:26:59:118;0;-78;0;0;-79;0;-1,160;0,014;-0,030;
14:26:59:585;0;0;-79;0;0;-78;-1,159;0,015;-0,031;
14:26:59:782;0;-79;0;0;-79;0;-1,162;0,016;-0,030;
14:26:59:892;0;0;-79;0;0;-78;-1,159;0,014;-0,030;
14:26:59:893;0;0;-79;0;0;-78;-1,159;0,014;-0,030;
14:27:00:202;0;0;-79;0;0;-78;-1,166;0,015;-0,031;
14:27:00:203;0;0;-79;0;0;-78;-1,166;0,015;-0,031;
14:27:00:513;0;0;-79;0;0;-78;-1,164;0,016;-0,032;
14:27:00:512;0;0;-79;0;0;-78;-1,162;0,015;-0,031;
14:27:00:667;0;-79;0;0;-79;0;-1,161;0,015;-0,031;
14:27:00:667;0;-79;0;0;-79;0;-1,161;0,015;-0,031;
14:27:00:825;0;0;-78;0;0;-78;-1,158;0,015;-0,031;
14:27:00:826;0;0;-78;0;0;-78;-1,158;0,015;-0,031;
14:27:00:978;0;-78;0;0;-79;0;-1,158;0,015;-0,030;
14:27:00:977;0;-78;0;0;-79;0;-1,158;0,015;-0,030;
14:27:01:132;0;0;-78;0;0;-78;-1,159;0,015;-0,032;
14:27:01:132;0;0;-78;0;0;-78;-1,159;0,015;-0,032;
14:27:01:287;0;-78;0;0;-78;0;-1,156;0,014;-0,032;
14:27:01:287;0;-78;0;0;-79;0;-1,156;0,014;-0,032;
14:27:01:442;0;0;-78;0;0;-78;-1,155;0,014;-0,032;
14:27:01:790;0;0;-77;0;0;-78;-1,162;0,018;-0,032;
14:27:02:377;0;0;-78;0;0;-78;-1,160;0,015;-0,031;
14:27:02:379;0;0;-78;0;0;-78;-1,160;0,015;-0,031;
14:27:02:527;0;-79;0;0;-78;0;-1,154;0,013;-0,031;
14:27:02:527;0;-79;0;0;-79;0;-1,154;0,013;-0,031;
14:27:02:682;0;0;-79;0;0;-78;-1,158;0,015;-0,031;
14:27:02:683;0;0;-79;0;0;-78;-1,158;0,015;-0,031;
14:27:02:837;0;-79;0;0;-79;0;-1,162;0,016;-0,031;
14:27:02:837;0;-79;0;0;-79;0;-1,162;0,016;-0,031;
14:27:02:992;0;0;-79;0;0;-78;-1,164;0,015;-0,032;
14:27:02:993;0;0;-79;0;0;-78;-1,164;0,015;-0,032;
14:27:03:147;0;-78;0;0;-78;0;-1,165;0,016;-0,031;
14:27:03:151;0;-78;0;0;-79;0;-1,165;0,016;-0,031;
14:27:03:302;0;0;-77;0;0;-78;-1,161;0,014;-0,032;
14:27:03:302;0;0;-77;0;0;-78;-1,161;0,014;-0,032;
14:27:03:925;0;0;-79;0;0;-78;-1,160;0,015;-0,031;
14:27:04:096;0;-79;0;0;-78;0;-1,156;0,012;-0,028;
14:27:04:235;0;0;-80;0;0;-78;-1,168;0,017;-0,032;
14:27:04:542;0;0;-79;0;0;-78;-1,166;0,014;-0,030;
14:27:04:542;0;0;-79;0;0;-78;-1,166;0,014;-0,030;
14:27:04:697;0;-79;0;0;-78;0;-1,167;0,016;-0,029;
14:27:04:697;0;-79;0;0;-78;0;-1,167;0,016;-0,029;
14:27:04:852;0;0;-79;0;0;-78;-1,164;0,014;-0,032;
14:27:04:852;0;0;-79;0;0;-78;-1,164;0,014;-0,032;
14:27:05:008;0;-79;0;0;-78;0;-1,156;0,014;-0,030;
14:27:05:008;0;-79;0;0;-78;0;-1,156;0,014;-0,030;
14:27:05:162;0;0;-79;0;0;-78;-1,160;0,016;-0,030;
14:27:05:162;0;0;-79;0;0;-78;-1,160;0,016;-0,030;
14:27:05:317;0;-78;0;0;-78;0;-1,160;0,016;-0,031;
14:27:05:317;0;-78;0;0;-78;0;-1,160;0,016;-0,031;
14:27:05:472;0;0;-78;0;0;-78;-1,157;0,014;-0,033;
14:27:05:472;0;0;-78;0;0;-78;-1,157;0,014;-0,033;
14:27:05:624;0;-78;0;0;-78;0;-1,163;0,017;-0,029;
14:27:05:624;0;-78;0;0;-78;0;-1,163;0,017;-0,029;
14:27:05:785;0;0;-79;0;0;-78;-1,158;0,013;-0,032;
14:27:05:785;0;0;-79;0;0;-78;-1,158;0,013;-0,032;
14:27:06:091;0;0;-79;0;0;-78;-1,165;0,015;-0,031;
14:27:06:569;0;-79;0;0;-78;0;-1,154;0,016;-0,030;
14:27:06:714;0;0;-78;0;0;-78;-1,171;0,016;-0,030;
14:27:07:343;0;0;-79;0;0;-78;-1,156;0,015;-0,030;
14:27:07:343;0;0;-79;0;0;-78;-1,156;0,015;-0,030;
14:27:07:490;0;-78;0;0;-78;0;-1,150;0,016;-0,028;
14:27:07:491;0;-78;0;0;-78;0;-1,152;0,016;-0,028;
14:27:07:642;0;0;-78;0;0;-78;-1,157;0,017;-0,030;
14:27:07:645;0;0;-78;0;0;-78;-1,157;0,017;-0,030;
14:27:07:798;0;-78;0;0;-78;0;-1,154;0,013;-0,031;
14:27:07:797;0;-78;0;0;-78;0;-1,154;0,013;-0,031;
14:27:07:952;0;0;-78;0;0;-78;-1,154;0,013;-0,031;
14:27:07:952;0;0;-78;0;0;-78;-1,154;0,013;-0,031;
14:27:08:107;0;-78;0;0;-78;0;-1,159;0,016;-0,030;
14:27:08:109;0;-78;0;0;-78;0;-1,159;0,016;-0,030;
14:27:08:587;0;0;-78;0;0;-78;-1,155;0,015;-0,031;
14:27:08:588;0;0;-78;0;0;-78;-1,155;0,015;-0,031;
14:27:08:952;0;0;-78;0;0;-78;-1,151;0,015;-0,031;
14:27:09:037;0;-78;0;0;-78;0;-1,156;0,015;-0,032;
14:27:09:037;0;-78;0;0;-78;0;-1,156;0,015;-0,032;
14:27:09:192;0;0;-78;0;0;-78;-1,152;0,013;-0,032;
14:27:09:192;0;0;-78;0;0;-78;-1,152;0,013;-0,032;
14:27:09:669;0;-78;0;0;-78;0;-1,158;0,016;-0,031;
14:27:09:669;0;-78;0;0;-78;0;-1,158;0,016;-0,031;
14:27:09:815;0;0;-78;0;0;-78;-1,159;0,016;-0,032;
14:27:09:815;0;0;-78;0;0;-78;-1,156;0,014;-0,030;
14:27:09:967;0;-78;0;0;-78;0;-1,162;0,016;-0,030;
14:27:09:968;0;-78;0;0;-78;0;-1,162;0,016;-0,030;
14:27:10:122;0;0;-79;0;0;-78;-1,166;0,015;-0,030;
14:27:10:122;0;0;-79;0;0;-78;-1,166;0,015;-0,030;
14:27:10:277;0;-78;0;0;-78;0;-1,160;0,014;-0,030;
14:27:10:277;0;-78;0;0;-78;0;-1,160;0,014;-0,030;
14:27:10:433;0;0;-79;0;0;-78;-1,162;0,015;-0,030;
14:27:10:433;0;0;-79;0;0;-78;-1,162;0,015;-0,030;
14:27:10:742;0;0;-78;0;0;-78;-1,158;0,016;-0,031;
14:27:10:742;0;0;-78;0;0;-78;-1,158;0,016;-0,031;
14:27:10:897;0;-78;0;0;-78;0;-1,151;0,015;-0,032;
14:27:10:897;0;-78;0;0;-78;0;-1,151;0,015;-0,032;
14:27:11:052;0;0;-78;0;0;-78;-1,153;0,017;-0,030;
14:27:11:234;0;-78;0;0;-78;0;-1,158;0,016;-0,031;
14:27:11:362;0;0;-79;0;0;-78;-1,155;0,015;-0,031;
14:27:11:362;0;0;-79;0;0;-78;-1,155;0,015;-0,031;
14:27:11:519;0;-79;0;0;-78;0;-1,153;0,014;-0,031;
14:27:11:874;0;-78;0;0;-78;0;-1,156;0,014;-0,032;
14:27:12:295;0;0;-78;0;0;-78;-1,150;0,016;-0,029;
14:27:12:297;0;0;-78;0;0;-78;-1,150;0,016;-0,029;
14:27:12:447;0;-78;0;0;-78;0;-1,148;0,016;-0,029;
14:27:12:447;0;-78;0;0;-78;0;-1,148;0,016;-0,029;
14:27:12:602;0;0;-78;0;0;-78;-1,151;0,015;-0,030;
14:27:12:602;0;0;-78;0;0;-78;-1,151;0,015;-0,030;
14:27:12:912;0;0;-78;0;0;-78;-1,155;0,014;-0,030;
14:27:12:912;0;0;-78;0;0;-78;-1,155;0,014;-0,030;
14:27:13:070;0;-78;0;0;-78;0;-1,158;0,016;-0,030;
14:27:13:071;0;-78;0;0;-78;0;-1,158;0,016;-0,030;
14:27:13:222;0;0;-78;0;0;-78;-1,152;0,014;-0,031;
14:27:13:222;0;0;-78;0;0;-78;-1,152;0,014;-0,031;
14:27:13:377;0;-78;0;0;-78;0;-1,158;0,015;-0,031;
14:27:13:534;0;0;-80;0;0;-78;-1,158;0,015;-0,030;
14:27:14:011;0;-77;0;0;-78;0;-1,156;0,015;-0,031;
14:27:14:012;0;-77;0;0;-78;0;-1,151;0,015;-0,030;
14:27:14:152;0;0;-78;0;0;-78;-1,157;0,015;-0,032;
14:27:14:153;0;0;-78;0;0;-78;-1,155;0,015;-0,032;
14:27:14:927;0;-79;0;0;-78;0;-1,171;0,016;-0,032;
14:27:14:928;0;-79;0;0;-78;0;-1,171;0,016;-0,032;
14:27:15:082;0;0;-79;0;0;-78;-1,168;0,013;-0,031;
14:27:15:082;0;0;-79;0;0;-78;-1,168;0,013;-0,031;
14:27:15:237;0;-78;0;0;-78;0;-1,167;0,017;-0,031;
14:27:15:237;0;-78;0;0;-78;0;-1,167;0,017;-0,031;
14:27:15:392;0;0;-79;0;0;-78;-1,164;0,018;-0,030;
14:27:15:392;0;0;-79;0;0;-78;-1,164;0,018;-0,030;
14:27:15:548;0;-79;0;0;-78;0;-1,155;0,014;-0,034;
14:27:15:702;0;0;-81;0;0;-78;-1,158;0,016;-0,031;
14:27:15:857;0;-80;0;0;-78;0;-1,156;0,015;-0,031;
14:27:15:857;0;-80;0;0;-78;0;-1,156;0,015;-0,031;
14:27:16:012;0;0;-79;0;0;-78;-1,147;0,013;-0,033;
14:27:16:012;0;0;-79;0;0;-78;-1,147;0,013;-0,033;
14:27:16:167;0;-78;0;0;-78;0;-1,152;0,016;-0,030;
14:27:16:167;0;-78;0;0;-78;0;-1,152;0,016;-0,030;
14:27:16:322;0;0;-79;0;0;-78;-1,149;0,015;-0,029;
14:27:16:322;0;0;-79;0;0;-78;-1,149;0,015;-0,029;
14:27:16:483;0;-77;0;0;-78;0;-1,151;0,016;-0,030;
14:27:16:844;0;-76;0;0;-78;0;-1,157;0,016;-0,030;
14:27:17:287;0;0;-76;0;0;-78;-1,160;0,014;-0,032;
14:27:17:407;0;-77;0;0;-78;0;-1,166;0,015;-0,032;
14:27:17:407;0;-77;0;0;-78;0;-1,166;0,015;-0,032;
14:27:17:562;0;0;-77;0;0;-78;-1,165;0,016;-0,030;
14:27:17:562;0;0;-77;0;0;-78;-1,165;0,016;-0,030;
14:27:17:717;0;-76;0;0;-77;0;-1,166;0,017;-0,030;
14:27:17:717;0;-76;0;0;-77;0;-1,166;0,017;-0,030;
14:27:17:872;0;0;-75;0;0;-78;-1,168;0,014;-0,031;
14:27:18:182;0;0;-77;0;0;-78;-1,161;0,016;-0,030;
14:27:18:182;0;0;-77;0;0;-78;-1,161;0,016;-0,030;
14:27:18:337;0;-76;0;0;-77;0;-1,161;0,016;-0,032;
14:27:18:338;0;-76;0;0;-77;0;-1,161;0,016;-0,032;
14:27:18:492;0;0;-78;0;0;-78;-1,155;0,015;-0,032;
14:27:18:492;0;0;-78;0;0;-78;-1,155;0,015;-0,032;
14:27:18:802;0;0;-78;0;0;-78;-1,177;0,033;-0,021;
14:27:18:802;0;0;-78;0;0;-78;-1,177;0,033;-0,021;
14:27:19:112;0;0;-79;0;0;-78;-1,159;0,025;-0,021;
14:27:19:112;0;0;-79;0;0;-78;-1,159;0,025;-0,021;
14:27:19:267;0;-79;0;0;-77;0;-1,145;0,009;-0,029;
14:27:19:585;0;-79;0;0;-77;0;-1,165;0,015;-0,035;
14:27:19:585;0;-79;0;0;-77;0;-1,165;0,015;-0,035;
14:27:19:732;0;0;-79;0;0;-78;-1,165;0,017;-0,033;
14:27:19:732;0;0;-79;0;0;-78;-1,165;0,017;-0,033;
14:27:19:887;0;-81;0;0;-78;0;-1,159;0,012;-0,031;
14:27:19:887;0;-81;0;0;-78;0;-1,159;0,012;-0,031;
14:27:20:042;0;0;-81;0;0;-78;-1,164;0,015;-0,030;
14:27:20:043;0;0;-81;0;0;-78;-1,165;0,015;-0,032;
14:27:20:197;0;-79;0;0;-78;0;-1,154;0,011;-0,028;
14:27:20:385;0;0;-79;0;0;-78;-1,160;0,012;-0,031;
14:27:20:507;0;-80;0;0;-78;0;-1,161;0,015;-0,030;
14:27:20:513;0;-80;0;0;-78;0;-1,163;0,015;-0,030;
14:27:20:817;0;-79;0;0;-78;0;-1,145;0,007;-0,029;
14:27:20:817;0;-79;0;0;-78;0;-1,145;0,007;-0,029;
14:27:20:972;0;0;-78;0;0;-78;-1,148;0,007;-0,032;
14:27:20:972;0;0;-78;0;0;-78;-1,148;0,007;-0,032;
14:27:21:127;0;-80;0;0;-78;0;-1,153;0,013;-0,031;
14:27:21:128;0;-80;0;0;-78;0;-1,153;0,013;-0,031;
14:27:21:282;0;0;-80;0;0;-78;-1,151;0,012;-0,031;
14:27:21:282;0;0;-80;0;0;-78;-1,151;0,012;-0,031;
14:27:21:760;0;-82;0;0;-78;0;-1,135;-0,000;-0,028;
14:27:22:380;0;-81;0;0;-78;0;-1,235;0,085;0,015;
14:27:22:386;0;-81;0;0;-78;0;-1,175;0,037;-0,008;
14:27:22:522;0;0;-79;0;0;-78;-1,218;0,078;-0,011;
14:27:22:679;0;-81;0;0;-78;0;-0,919;0,018;-0,038;
14:27:22:835;0;0;-85;0;0;-78;-0,715;0,007;-0,019;
14:27:22:835;0;0;-85;0;0;-78;-0,715;0,007;-0,019;
14:27:22:987;0;-88;0;0;-79;0;-0,646;0,004;-0,016;
14:27:22:989;0;-88;0;0;-78;0;-0,646;0,004;-0,016;
14:27:23:142;0;0;-90;0;0;-79;-0,651;-0,001;-0,011;
14:27:23:142;0;0;-90;0;0;-79;-0,644;-0,013;-0,014;
14:27:23:297;0;-86;0;0;-79;0;-0,603;-0,002;-0,013;
14:27:23:297;0;-86;0;0;-79;0;-0,603;-0,002;-0,013;
14:27:23:452;0;0;-86;0;0;-79;-0,588;0,013;-0,012;
14:27:23:452;0;0;-86;0;0;-79;-0,588;0,013;-0,012;
14:27:23:607;0;-86;0;0;-79;0;-0,574;0,011;-0,012;
14:27:23:607;0;-86;0;0;-80;0;-0,574;0,011;-0,012;
14:27:23:762;0;0;-83;0;0;-80;-0,566;0,010;-0,012;
14:27:23:762;0;0;-83;0;0;-79;-0,566;0,010;-0,012;
14:27:23:917;0;-84;0;0;-80;0;-0,560;0,010;-0,007;
14:27:23:919;0;-84;0;0;-80;0;-0,560;0,010;-0,007;
14:27:24:229;0;-82;0;0;-80;0;-0,573;0,009;-0,010;
14:27:24:229;0;-82;0;0;-80;0;-0,573;0,009;-0,010;
14:27:24:718;0;0;-83;0;0;-80;-0,574;0,011;-0,014;
14:27:24:718;0;0;-83;0;0;-80;-0,571;0,009;-0,013;
14:27:24:847;0;-86;0;0;-80;0;-0,574;0,013;-0,015;
14:27:25:001;0;0;-85;0;0;-80;-0,568;0,011;-0,012;
14:27:25:001;0;0;-85;0;0;-80;-0,568;0,011;-0,012;
14:27:25:157;0;-90;0;0;-81;0;-0,569;0,009;-0,012;
14:27:25:157;0;-90;0;0;-80;0;-0,569;0,009;-0,012;
14:27:25:312;0;0;-86;0;0;-80;-0,567;0,008;-0,013;
14:27:25:312;0;0;-86;0;0;-81;-0,567;0,008;-0,013;
14:27:25:467;0;-87;0;0;-81;0;-0,570;0,009;-0,012;
14:27:25:467;0;-87;0;0;-82;0;-0,570;0,009;-0,012;
14:27:25:622;0;0;-86;0;0;-81;-0,570;0,010;-0,011;
14:27:25:622;0;0;-86;0;0;-81;-0,573;0,011;-0,012;
14:27:25:777;0;-85;0;0;-82;0;-0,570;0,010;-0,011;
14:27:25:779;0;-85;0;0;-81;0;-0,570;0,010;-0,011;
14:27:25:935;0;0;-85;0;0;-81;-0,572;0,009;-0,013;
14:27:25:935;0;0;-85;0;0;-81;-0,572;0,009;-0,013;
14:27:26:087;0;-85;0;0;-81;0;-0,572;0,008;-0,012;
14:27:26:087;0;-85;0;0;-82;0;-0,572;0,008;-0,012;
14:27:26:397;0;-83;0;0;-82;0;-0,575;0,009;-0,012;
14:27:26:397;0;-83;0;0;-83;0;-0,575;0,009;-0,012;
14:27:26:553;0;0;-80;0;0;-81;-0,577;0,011;-0,012;
14:27:27:328;0;-86;0;0;-83;0;-0,564;0,010;-0,011;
14:27:27:329;0;-86;0;0;-82;0;-0,561;0,010;-0,011;
14:27:27:637;0;-84;0;0;-83;0;-0,567;0,010;-0,014;
14:27:27:637;0;-84;0;0;-83;0;-0,567;0,010;-0,014;
14:27:27:790;0;0;-83;0;0;-82;-0,563;0,010;-0,011;
14:27:27:789;0;0;-83;0;0;-81;-0,563;0,010;-0,011;
14:27:27:947;0;-85;0;0;-84;0;-0,566;0,010;-0,011;
14:27:27:947;0;-85;0;0;-83;0;-0,566;0,010;-0,011;
14:27:28:102;0;0;-82;0;0;-82;-0,569;0,010;-0,012;
14:27:28:102;0;0;-82;0;0;-82;-0,569;0,010;-0,012;
14:27:28:257;0;-82;0;0;-84;0;-0,569;0,011;-0,011;
14:27:28:261;0;-82;0;0;-83;0;-0,572;0,011;-0,014;
14:27:28:412;0;0;-83;0;0;-82;-0,571;0,008;-0,011;
14:27:28:413;0;0;-83;0;0;-82;-0,573;0,010;-0,012;
14:27:28:569;0;-83;0;0;-83;0;-0,573;0,010;-0,012;
14:27:28:571;0;-83;0;0;-84;0;-0,573;0,010;-0,012;
14:27:28:722;0;0;-87;0;0;-82;-0,577;0,010;-0,014;
14:27:28:722;0;0;-87;0;0;-83;-0,577;0,010;-0,014;
14:27:28:878;0;-81;0;0;-84;0;-0,572;0,009;-0,012;
14:27:28:882;0;-81;0;0;-83;0;-0,572;0,009;-0,012;
14:27:29:187;0;-81;0;0;-84;0;-0,574;0,010;-0,012;
14:27:29:187;0;-81;0;0;-83;0;-0,574;0,010;-0,012;
14:27:29:662;0;0;-81;0;0;-83;-0,574;0,009;-0,012;
14:27:29:662;0;0;-81;0;0;-83;-0,574;0,009;-0,012;
14:27:29:808;0;-80;0;0;-84;0;-0,572;0,011;-0,013;
14:27:29:808;0;-80;0;0;-83;0;-0,572;0,011;-0,013;
14:27:29:962;0;0;-82;0;0;-83;-0,574;0,010;-0,014;
14:27:29:962;0;0;-82;0;0;-83;-0,574;0,010;-0,014;
14:27:30:117;0;-87;0;0;-84;0;-0,569;0,010;-0,013;
14:27:30:117;0;-87;0;0;-84;0;-0,569;0,010;-0,013;
14:27:30:272;0;0;-89;0;0;-83;-0,571;0,010;-0,013;
14:27:30:272;0;0;-89;0;0;-83;-0,571;0,010;-0,013;
14:27:30:430;0;-85;0;0;-84;0;-0,573;0,009;-0,014;
14:27:30:430;0;-85;0;0;-84;0;-0,578;0,009;-0,014;
14:27:30:737;0;-81;0;0;-84;0;-0,578;0,009;-0,013;
14:27:30:737;0;-81;0;0;-84;0;-0,578;0,009;-0,013;
14:27:30:892;0;0;-81;0;0;-83;-0,576;0,009;-0,011;
14:27:30:892;0;0;-81;0;0;-83;-0,576;0,009;-0,011;
14:27:31:047;0;-80;0;0;-83;0;-0,581;0,010;-0,015;
14:27:31:047;0;-80;0;0;-83;0;-0,581;0,010;-0,015;
14:27:31:203;0;0;-80;0;0;-83;-0,577;0,011;-0,011;
14:27:31:203;0;0;-80;0;0;-83;-0,577;0,011;-0,011;
14:27:31:357;0;-80;0;0;-83;0;-0,572;0,009;-0,013;
14:27:31:357;0;-80;0;0;-83;0;-0,572;0,009;-0,013;
14:27:31:525;0;0;-80;0;0;-83;-0,572;0,009;-0,011;
14:27:32:299;0;-88;0;0;-83;0;-0,574;0,011;-0,012;
14:27:32:298;0;-88;0;0;-83;0;-0,574;0,011;-0,012;
14:27:32:442;0;0;-84;0;0;-83;-0,574;0,011;-0,013;
14:27:32:442;0;0;-84;0;0;-84;-0,574;0,011;-0,013;
14:27:32:597;0;-81;0;0;-83;0;-0,574;0,011;-0,013;
14:27:32:597;0;-81;0;0;-83;0;-0,574;0,011;-0,013;
14:27:32:752;0;0;-83;0;0;-84;-0,569;0,011;-0,011;
14:27:32:752;0;0;-83;0;0;-83;-0,569;0,011;-0,011;
14:27:32:907;0;-82;0;0;-83;0;-0,570;0,008;-0,012;
14:27:32:907;0;-82;0;0;-83;0;-0,570;0,008;-0,012;
14:27:33:061;0;0;-82;0;0;-84;-0,575;0,010;-0,012;
14:27:33:062;0;0;-82;0;0;-83;-0,575;0,010;-0,012;
14:27:33:217;0;-80;0;0;-82;0;-0,581;0,011;-0,012;
14:27:33:217;0;-80;0;0;-82;0;-0,581;0,010;-0,012;
14:27:33:372;0;0;-80;0;0;-83;-0,583;0,010;-0,014;
14:27:33:372;0;0;-80;0;0;-83;-0,583;0,010;-0,014;
14:27:33:527;0;-79;0;0;-82;0;-0,578;0,008;-0,012;
14:27:33:527;0;-79;0;0;-82;0;-0,578;0,008;-0,012;
14:27:33:682;0;0;-79;0;0;-82;-0,578;0,010;-0,010;
14:27:33:681;0;0;-79;0;0;-83;-0,578;0,010;-0,010;
14:27:33:842;0;-79;0;0;-82;0;-0,574;0,013;-0,010;
14:27:33:841;0;-79;0;0;-82;0;-0,574;0,013;-0,010;
14:27:34:157;0;-80;0;0;-82;0;-0,579;0,010;-0,011;
14:27:34:630;0;0;-82;0;0;-82;-0,573;0,008;-0,011;
14:27:34:629;0;0;-82;0;0;-83;-0,573;0,008;-0,011;
14:27:34:767;0;-82;0;0;-82;0;-0,576;0,006;-0,012;
14:27:34:770;0;-82;0;0;-82;0;-0,576;0,006;-0,012;
14:27:34:922;0;0;-82;0;0;-82;-0,582;0,010;-0,013;
14:27:34:923;0;0;-82;0;0;-83;-0,582;0,011;-0,012;
14:27:35:077;0;-83;0;0;-81;0;-0,584;0,008;-0,014;
14:27:35:077;0;-83;0;0;-82;0;-0,584;0,008;-0,014;
14:27:35:232;0;0;-82;0;0;-82;-0,581;0,008;-0,011;
14:27:35:232;0;0;-82;0;0;-82;-0,581;0,008;-0,011;
14:27:35:386;0;-83;0;0;-81;0;-0,587;0,007;-0,015;
14:27:35:387;0;-83;0;0;-82;0;-0,587;0,007;-0,015;
14:27:35:541;0;0;-83;0;0;-82;-0,586;0,010;-0,012;
14:27:35:544;0;0;-83;0;0;-82;-0,588;0,012;-0,012;
14:27:35:697;0;-82;0;0;-81;0;-0,588;0,011;-0,010;
14:27:35:697;0;-82;0;0;-81;0;-0,588;0,011;-0,010;
14:27:35:851;0;0;-82;0;0;-82;-0,592;0,011;-0,012;
14:27:35:852;0;0;-82;0;0;-82;-0,592;0,011;-0,012;
14:27:36:007;0;-81;0;0;-81;0;-0,594;0,012;-0,013;
14:27:36:007;0;-81;0;0;-81;0;-0,594;0,012;-0,013;
14:27:36:319;0;-83;0;0;-81;0;-0,587;0,010;-0,011;
14:27:36:486;0;0;-83;0;0;-82;-0,591;0,010;-0,013;
14:27:37:422;0;0;-85;0;0;-82;-0,577;0,009;-0,012;
14:27:37:423;0;0;-85;0;0;-82;-0,577;0,009;-0,012;
14:27:37:558;0;-84;0;0;-82;0;-0,585;0,012;-0,013;
14:27:37:558;0;-84;0;0;-81;0;-0,585;0,012;-0,013;
14:27:37:712;0;0;-84;0;0;-82;-0,575;0,009;-0,012;
14:27:37:713;0;0;-84;0;0;-82;-0,575;0,009;-0,012;
14:27:37:867;0;-84;0;0;-82;0;-0,574;0,009;-0,009;
14:27:37:867;0;-84;0;0;-82;0;-0,574;0,009;-0,009;
14:27:38:022;0;0;-84;0;0;-82;-0,580;0,009;-0,013;
14:27:38:022;0;0;-84;0;0;-82;-0,580;0,009;-0,013;
14:27:38:177;0;-84;0;0;-82;0;-0,579;0,010;-0,011;
14:27:38:177;0;-84;0;0;-82;0;-0,579;0,010;-0,011;
14:27:38:331;0;0;-84;0;0;-82;-0,581;0,011;-0,010;
14:27:38:332;0;0;-84;0;0;-82;-0,581;0,010;-0,012;
14:27:38:486;0;-84;0;0;-82;0;-0,581;0,009;-0,013;
14:27:38:642;0;0;-83;0;0;-82;-0,582;0,008;-0,013;
14:27:38:797;0;-84;0;0;-82;0;-0,581;0,008;-0,013;
14:27:38:797;0;-84;0;0;-82;0;-0,581;0,008;-0,013;
14:27:38:951;0;0;-84;0;0;-82;-0,584;0,009;-0,014;
14:27:38:951;0;0;-84;0;0;-82;-0,584;0,009;-0,014;
14:27:39:107;0;-84;0;0;-82;0;-0,582;0,010;-0,010;
14:27:39:107;0;-84;0;0;-82;0;-0,582;0,010;-0,010;
14:27:39:261;0;0;-83;0;0;-82;-0,586;0,011;-0,014;
14:27:39:586;0;0;-83;0;0;-82;-0,590;0,012;-0,013;
14:27:39:586;0;0;-83;0;0;-82;-0,587;0,012;-0,011;
14:27:39:727;0;-83;0;0;-82;0;-0,585;0,011;-0,013;
14:27:39:728;0;-83;0;0;-82;0;-0,582;0,010;-0,011;
14:27:39:882;0;0;-83;0;0;-82;-0,580;0,007;-0,011;
14:27:39:881;0;0;-83;0;0;-82;-0,580;0,007;-0,011;
14:27:40:037;0;-82;0;0;-82;0;-0,581;0,010;-0,010;
14:27:40:036;0;-82;0;0;-82;0;-0,581;0,010;-0,010;
14:27:40:191;0;0;-81;0;0;-82;-0,583;0,012;-0,012;
14:27:40:191;0;0;-81;0;0;-82;-0,583;0,012;-0,012;
14:27:40:666;0;-82;0;0;-82;0;-0,581;0,009;-0,009;
14:27:40:666;0;-82;0;0;-82;0;-0,581;0,009;-0,009;
14:27:40:811;0;0;-81;0;0;-82;-0,582;0,010;-0,011;
14:27:41:018;0;-81;0;0;-82;0;-0,587;0,011;-0,012;
14:27:41:122;0;0;-83;0;0;-82;-0,590;0,012;-0,014;
14:27:41:122;0;0;-83;0;0;-82;-0,588;0,012;-0,014;
14:27:41:277;0;-84;0;0;-82;0;-0,589;0,011;-0,013;
14:27:41:276;0;-84;0;0;-82;0;-0,589;0,011;-0,013;
14:27:41:432;0;0;-87;0;0;-82;-0,588;0,009;-0,014;
14:27:41:745;0;0;-82;0;0;-82;-0,594;0,009;-0,019;
14:27:42:530;0;-89;0;0;-82;0;-0,323;0,016;-0,002;
14:27:42:530;0;-89;0;0;-82;0;-0,323;0,016;-0,002;
14:27:42:672;0;0;-90;0;0;-83;-0,228;0,042;0,028;
14:27:42:674;0;0;-90;0;0;-82;-0,228;0,042;0,028;
14:27:42:829;0;-92;0;0;-83;0;-0,305;0,013;-0,030;
14:27:42:830;0;-92;0;0;-83;0;-0,305;0,013;-0,030;
14:27:42:981;0;0;-92;0;0;-83;-0,212;0,023;-0,011;
14:27:42:981;0;0;-92;0;0;-83;-0,212;0,023;-0,011;
14:27:43:136;0;-81;0;0;-83;0;-0,208;0,014;-0,016;
14:27:43:446;0;-83;0;0;-83;0;-0,186;0,018;-0,012;
14:27:43:447;0;-83;0;0;-83;0;-0,186;0,018;-0,012;
14:27:43:601;0;0;-79;0;0;-83;-0,185;0,016;-0,014;
14:27:43:601;0;0;-79;0;0;-83;-0,185;0,016;-0,014;
14:27:43:756;0;-80;0;0;-83;0;-0,183;0,014;-0,016;
14:27:43:756;0;-80;0;0;-83;0;-0,183;0,014;-0,016;
14:27:43:911;0;0;-79;0;0;-83;-0,190;0,015;-0,017;
14:27:43:911;0;0;-79;0;0;-83;-0,190;0,015;-0,017;
14:27:44:066;0;-82;0;0;-83;0;-0,175;0,015;-0,015;
14:27:44:066;0;-82;0;0;-83;0;-0,175;0,015;-0,015;
14:27:44:222;0;0;-83;0;0;-83;-0,182;0,013;-0,019;
14:27:44:223;0;0;-83;0;0;-83;-0,175;0,008;-0,016;
14:27:44:376;0;-84;0;0;-83;0;-0,183;0,011;-0,019;
14:27:44:377;0;-84;0;0;-83;0;-0,183;0,011;-0,019;
14:27:44:683;0;-83;0;0;-83;0;-0,175;0,012;-0,017;
14:27:44:859;0;0;-87;0;0;-83;-0,161;0,013;-0,015;
14:27:44:859;0;0;-87;0;0;-83;-0,161;0,013;-0,015;
14:27:44:996;0;-87;0;0;-83;0;-0,155;0,014;-0,014;
14:27:44:997;0;-87;0;0;-83;0;-0,155;0,014;-0,014;
14:27:45:152;0;0;-87;0;0;-84;-0,156;0,013;-0,014;
14:27:45:152;0;0;-87;0;0;-83;-0,156;0,013;-0,014;
14:27:45:309;0;-83;0;0;-83;0;-0,168;0,015;-0,014;
14:27:45:616;0;-86;0;0;-84;0;-0,182;0,028;-0,012;
14:27:45:617;0;-86;0;0;-83;0;-0,179;0,024;-0,011;
14:27:45:772;0;0;-85;0;0;-83;-0,180;0,023;-0,012;
14:27:45:772;0;0;-85;0;0;-84;-0,180;0,023;-0,012;
14:27:46:082;0;0;-85;0;0;-83;-0,153;0,008;-0,006;
14:27:46:082;0;0;-85;0;0;-84;-0,153;0,008;-0,006;
14:27:46:241;0;-87;0;0;-84;0;-0,178;0,015;-0,015;
14:27:46:240;0;-87;0;0;-84;0;-0,178;0,015;-0,015;
14:27:46:391;0;0;-84;0;0;-84;-0,190;0,016;-0,018;
14:27:46:392;0;0;-84;0;0;-83;-0,190;0,016;-0,018;
14:27:46:546;0;-86;0;0;-84;0;-0,191;0,016;-0,014;
14:27:46:547;0;-86;0;0;-84;0;-0,191;0,016;-0,014;
14:27:46:701;0;0;-84;0;0;-83;-0,189;0,015;-0,015;
14:27:47:043;0;0;-82;0;0;-84;-0,193;0,010;-0,019;
14:27:47:181;0;-83;0;0;-84;0;-0,193;0,014;-0,018;
14:27:47:181;0;-83;0;0;-84;0;-0,193;0,014;-0,018;
14:27:47:321;0;0;-84;0;0;-83;-0,189;0,020;-0,015;
14:27:47:322;0;0;-84;0;0;-84;-0,189;0,017;-0,015;
14:27:47:476;0;-78;0;0;-83;0;-0,197;0,014;-0,018;
14:27:47:476;0;-78;0;0;-84;0;-0,197;0,014;-0,018;
14:27:47:787;0;-82;0;0;-83;0;-0,191;0,013;-0,015;
14:27:47:941;0;0;-82;0;0;-83;-0,193;0,015;-0,016;
14:27:47:944;0;0;-82;0;0;-84;-0,189;0,014;-0,014;
14:27:48:097;0;-82;0;0;-83;0;-0,194;0,014;-0,016;
14:27:48:096;0;-82;0;0;-84;0;-0,194;0,014;-0,016;
14:27:48:251;0;0;-82;0;0;-83;-0,190;0,014;-0,014;
14:27:48:251;0;0;-82;0;0;-84;-0,190;0,014;-0,014;
14:27:48:565;0;0;-80;0;0;-83;-0,185;0,014;-0,015;
14:27:48:565;0;0;-80;0;0;-83;-0,190;0,014;-0,017;
14:27:48:870;0;0;-82;0;0;-83;-0,185;0,015;-0,014;
14:27:48:870;0;0;-82;0;0;-83;-0,185;0,015;-0,014;
14:27:49:027;0;-82;0;0;-83;0;-0,176;0,016;-0,016;
14:27:49:340;0;-86;0;0;-84;0;-0,180;0,016;-0,015;
14:27:49:502;0;0;-83;0;0;-83;-0,187;0,015;-0,016;
14:27:49:502;0;0;-83;0;0;-83;-0,187;0,015;-0,016;
14:27:49:647;0;-82;0;0;-83;0;-0,191;0,016;-0,015;
14:27:49:646;0;-82;0;0;-84;0;-0,191;0,016;-0,015;
14:27:49:801;0;0;-81;0;0;-83;-0,195;0,015;-0,018;
14:27:49:802;0;0;-81;0;0;-83;-0,194;0,015;-0,018;
14:27:50:143;0;0;-82;0;0;-83;-0,195;0,017;-0,014;
14:27:50:266;0;-82;0;0;-83;0;-0,202;0,018;-0,014;
14:27:50:266;0;-82;0;0;-84;0;-0,202;0,018;-0,014;
14:27:50:421;0;0;-80;0;0;-83;-0,198;0,016;-0,014;
14:27:50:422;0;0;-80;0;0;-83;-0,198;0,016;-0,014;
14:27:50:576;0;-81;0;0;-83;0;-0,197;0,018;-0,013;
14:27:50:580;0;-81;0;0;-83;0;-0,197;0,018;-0,013;
14:27:50:731;0;0;-80;0;0;-83;-0,195;0,015;-0,015;
14:27:50:731;0;0;-80;0;0;-83;-0,195;0,015;-0,015;
14:27:50:886;0;-80;0;0;-83;0;-0,197;0,017;-0,016;
14:27:50:886;0;-80;0;0;-83;0;-0,197;0,017;-0,016;
14:27:51:196;0;-78;0;0;-82;0;-0,191;0,017;-0,016;
14:27:51:196;0;-78;0;0;-83;0;-0,191;0,017;-0,016;
14:27:51:667;0;0;-78;0;0;-82;-0,194;0,016;-0,015;
14:27:51:667;0;0;-78;0;0;-82;-0,194;0,016;-0,015;
14:27:51:816;0;-78;0;0;-82;0;-0,184;0,016;-0,015;
14:27:51:817;0;-78;0;0;-83;0;-0,184;0,016;-0,015;
14:27:52:290;0;0;-79;0;0;-82;-0,179;0,012;-0,015;
14:27:52:439;0;-80;0;0;-82;0;-0,189;0,016;-0,016;
14:27:52:591;0;0;-80;0;0;-82;-0,190;0,017;-0,017;
14:27:52:591;0;0;-80;0;0;-82;-0,190;0,017;-0,017;
14:27:52:746;0;-79;0;0;-82;0;-0,190;0,015;-0,015;
14:27:52:749;0;-79;0;0;-82;0;-0,191;0,014;-0,016;
14:27:52:901;0;0;-78;0;0;-82;-0,197;0,018;-0,018;
14:27:52:901;0;0;-78;0;0;-82;-0,197;0,018;-0,018;
14:27:53:211;0;0;-81;0;0;-81;-0,195;0,016;-0,015;
14:27:53:212;0;0;-81;0;0;-82;-0,195;0,016;-0,015;
14:27:53:368;0;-83;0;0;-82;0;-0,191;0,016;-0,016;
14:27:53:368;0;-83;0;0;-82;0;-0,191;0,016;-0,016;
14:27:53:677;0;-81;0;0;-82;0;-0,203;0,015;-0,016;
14:27:53:679;0;-81;0;0;-82;0;-0,203;0,015;-0,016;
14:27:53:831;0;0;-81;0;0;-81;-0,206;0,016;-0,017;
14:27:53:832;0;0;-81;0;0;-82;-0,204;0,015;-0,016;
14:27:53:986;0;-81;0;0;-81;0;-0,202;0,016;-0,015;
14:27:53:986;0;-81;0;0;-82;0;-0,202;0,016;-0,015;
14:27:54:143;0;0;-81;0;0;-81;-0,209;0,015;-0,019;
14:27:54:143;0;0;-81;0;0;-81;-0,209;0,015;-0,019;
14:27:54:613;0;-81;0;0;-81;0;-0,197;0,018;-0,017;
14:27:54:916;0;-80;0;0;-81;0;-0,184;0,017;-0,017;
14:27:54:917;0;-80;0;0;-82;0;-0,177;0,014;-0,014;
14:27:55:071;0;0;-79;0;0;-81;-0,172;0,014;-0,013;
14:27:55:071;0;0;-79;0;0;-81;-0,172;0,014;-0,013;
14:27:55:381;0;0;-80;0;0;-80;-0,194;0,016;-0,016;
14:27:55:381;0;0;-80;0;0;-81;-0,194;0,016;-0,016;
14:27:55:536;0;-81;0;0;-82;0;-0,200;0,017;-0,016;
14:27:55:537;0;-81;0;0;-81;0;-0,200;0,017;-0,016;
14:27:55:691;0;0;-80;0;0;-80;-0,198;0,016;-0,015;
14:27:55:692;0;0;-80;0;0;-80;-0,198;0,016;-0,015;
14:27:56:001;0;0;-77;0;0;-80;-0,199;0,018;-0,016;
14:27:56:001;0;0;-77;0;0;-80;-0,199;0,018;-0,016;
14:27:56:156;0;-77;0;0;-80;0;-0,191;0,014;-0,015;
14:27:56:156;0;-77;0;0;-81;0;-0,191;0,014;-0,015;
14:27:56:311;0;0;-76;0;0;-80;-0,203;0,016;-0,016;
14:27:56:311;0;0;-76;0;0;-80;-0,203;0,016;-0,016;
14:27:56:474;0;-77;0;0;-81;0;-0,199;0,016;-0,014;
14:27:57:279;0;0;-77;0;0;-79;-0,183;0,016;-0,015;
14:27:57:554;0;0;-77;0;0;-79;-0,202;0,017;-0,017;
14:27:57:554;0;0;-77;0;0;-79;-0,202;0,017;-0,017;
14:27:57:706;0;-78;0;0;-80;0;-0,212;0,017;-0,016;
14:27:57:706;0;-78;0;0;-80;0;-0,212;0,017;-0,016;
14:27:57:859;0;0;-78;0;0;-79;-0,210;0,015;-0,015;
14:27:57:859;0;0;-78;0;0;-79;-0,210;0,015;-0,015;
14:27:58:171;0;0;-79;0;0;-79;-0,207;0,016;-0,013;
14:27:58:171;0;0;-79;0;0;-79;-0,207;0,016;-0,013;
14:27:58:329;0;-79;0;0;-80;0;-0,214;0,018;-0,017;
14:27:58:329;0;-79;0;0;-80;0;-0,214;0,018;-0,017;
14:27:58:481;0;0;-77;0;0;-79;-0,210;0,016;-0,013;
14:27:58:481;0;0;-77;0;0;-79;-0,210;0,016;-0,013;
14:27:58:793;0;0;-77;0;0;-79;-0,218;0,016;-0,017;
14:27:58:796;0;0;-77;0;0;-78;-0,218;0,016;-0,017;
14:27:58:946;0;-75;0;0;-80;0;-0,218;0,016;-0,019;
14:27:59:256;0;-76;0;0;-79;0;-0,204;0,014;-0,014;
14:27:59:579;0;-78;0;0;-80;0;-0,198;0,016;-0,015;
14:27:59:731;0;0;-78;0;0;-78;-0,201;0,017;-0,016;
14:27:59:731;0;0;-78;0;0;-78;-0,201;0,017;-0,016;
14:27:59:876;0;-79;0;0;-79;0;-0,194;0,016;-0,016;
14:27:59:876;0;-79;0;0;-80;0;-0,194;0,016;-0,016;
14:28:00:039;0;0;-77;0;0;-78;-0,198;0,015;-0,017;
14:28:00:039;0;0;-77;0;0;-78;-0,198;0,015;-0,017;
14:28:00:186;0;-79;0;0;-79;0;-0,201;0,016;-0,018;
14:28:00:186;0;-79;0;0;-79;0;-0,201;0,016;-0,018;
14:28:00:496;0;-82;0;0;-79;0;-0,208;0,016;-0,018;
14:28:00:496;0;-82;0;0;-79;0;-0,208;0,016;-0,018;
14:28:00:651;0;0;-77;0;0;-78;-0,206;0,017;-0,017;
14:28:00:651;0;0;-77;0;0;-78;-0,206;0,017;-0,017;
14:28:00:806;0;-82;0;0;-79;0;-0,204;0,015;-0,016;
14:28:00:806;0;-82;0;0;-79;0;-0,204;0,015;-0,016;
14:28:00:964;0;0;-77;0;0;-78;-0,205;0,018;-0,014;
14:28:00:965;0;0;-77;0;0;-78;-0,205;0,016;-0,014;
14:28:01:131;0;-78;0;0;-79;0;-0,210;0,016;-0,016;
14:28:01:129;0;-78;0;0;-79;0;-0,210;0,016;-0,016;
14:28:01:271;0;0;-79;0;0;-78;-0,207;0,017;-0,015;
14:28:01:424;0;-76;0;0;-79;0;-0,209;0,016;-0,016;
14:28:01:591;0;0;-80;0;0;-78;-0,195;0,013;-0,011;
14:28:01:733;0;-77;0;0;-79;0;-0,175;0,003;-0,005;
14:28:02:368;0;-82;0;0;-79;0;-0,217;-0,011;-0,027;
14:28:02:368;0;-82;0;0;-79;0;-0,217;-0,011;-0,027;
14:28:02:511;0;0;-85;0;0;-78;-0,072;0,029;0,038;
14:28:02:511;0;0;-85;0;0;-78;-0,072;0,029;0,038;
14:28:02:667;0;-94;0;0;-80;0;-0,017;0,043;0,014;
14:28:02:666;0;-94;0;0;-80;0;-0,017;0,043;0,014;
14:28:02:821;0;0;-86;0;0;-79;-0,018;0,050;-0,023;
14:28:02:821;0;0;-86;0;0;-79;-0,018;0,050;-0,023;
14:28:03:131;0;0;-85;0;0;-79;0,249;0,048;0,008;
14:28:03:132;0;0;-85;0;0;-79;0,236;0,049;0,005;
14:28:03:286;0;-89;0;0;-80;0;0,322;0,045;0,007;
14:28:03:286;0;-89;0;0;-80;0;0,322;0,045;0,007;
14:28:03:441;0;0;-79;0;0;-79;0,409;0,049;0,016;
14:28:03:441;0;0;-79;0;0;-79;0,409;0,049;0,016;
14:28:03:596;0;-84;0;0;-81;0;0,355;0,044;0,004;
14:28:03:596;0;-84;0;0;-80;0;0,355;0,044;0,004;
14:28:03:751;0;0;-83;0;0;-79;0,345;0,040;-0,002;
14:28:03:955;0;-88;0;0;-81;0;0,312;0,035;-0,004;
14:28:04:217;0;-80;0;0;-80;0;0,325;0,037;-0,003;
14:28:04:217;0;-80;0;0;-81;0;0,325;0,037;-0,003;
14:28:04:706;0;0;-84;0;0;-79;0,315;0,035;-0,002;
14:28:04:706;0;0;-84;0;0;-79;0,315;0,035;-0,002;
14:28:04:836;0;-80;0;0;-80;0;0,340;0,037;-0,003;
14:28:04:836;0;-80;0;0;-80;0;0,340;0,037;-0,003;
14:28:05:146;0;-83;0;0;-81;0;0,361;0,038;-0,003;
14:28:05:149;0;-83;0;0;-80;0;0,368;0,036;-0,000;
14:28:05:301;0;0;-81;0;0;-79;0,363;0,037;-0,001;
14:28:05:301;0;0;-81;0;0;-79;0,363;0,037;-0,001;
14:28:05:456;0;-82;0;0;-81;0;0,325;0,038;-0,002;
14:28:05:456;0;-82;0;0;-81;0;0,325;0,038;-0,002;
14:28:05:611;0;0;-81;0;0;-79;0,317;0,037;-0,003;
14:28:05:611;0;0;-81;0;0;-79;0,317;0,037;-0,003;
14:28:05:766;0;-81;0;0;-81;0;0,339;0,038;-0,001;
14:28:05:766;0;-81;0;0;-81;0;0,339;0,038;-0,001;
14:28:05:923;0;0;-80;0;0;-80;0,321;0,037;-0,002;
14:28:05:922;0;0;-80;0;0;-79;0,321;0,037;-0,002;
14:28:06:076;0;-82;0;0;-81;0;0,328;0,037;-0,003;
14:28:06:386;0;-81;0;0;-81;0;0,319;0,036;-0,002;
14:28:06:387;0;-81;0;0;-81;0;0,319;0,036;-0,002;
14:28:06:557;0;0;-81;0;0;-80;0,350;0,036;-0,001;
14:28:06:557;0;0;-81;0;0;-79;0,350;0,036;-0,001;
14:28:07:013;0;-81;0;0;-81;0;0,343;0,036;-0,002;
14:28:07:015;0;-81;0;0;-81;0;0,343;0,036;-0,002;
14:28:07:161;0;0;-81;0;0;-80;0,364;0,038;-0,001;
14:28:07:161;0;0;-81;0;0;-79;0,364;0,038;-0,001;
14:28:07:316;0;-83;0;0;-81;0;0,366;0,036;-0,001;
14:28:07:317;0;-83;0;0;-82;0;0,366;0,036;-0,001;
14:28:07:472;0;0;-83;0;0;-80;0,366;0,037;-0,001;
14:28:07:474;0;0;-83;0;0;-80;0,366;0,037;-0,001;
14:28:07:627;0;-83;0;0;-81;0;0,356;0,039;-0,002;
14:28:07:626;0;-83;0;0;-82;0;0,358;0,037;-0,001;
14:28:07:781;0;0;-83;0;0;-80;0,332;0,036;-0,002;
14:28:07:781;0;0;-83;0;0;-80;0,332;0,036;-0,002;
14:28:07:936;0;-87;0;0;-82;0;0,323;0,035;-0,002;
14:28:07:936;0;-87;0;0;-82;0;0,333;0,037;-0,000;
14:28:08:091;0;0;-82;0;0;-81;0,325;0,038;-0,002;
14:28:08:091;0;0;-82;0;0;-80;0,325;0,038;-0,002;
14:28:08:401;0;0;-81;0;0;-81;0,294;0,038;-0,003;
14:28:08:556;0;-86;0;0;-82;0;0,301;0,037;-0,001;
14:28:08:556;0;-86;0;0;-83;0;0,301;0,037;-0,001;
14:28:08:711;0;0;-85;0;0;-81;0,313;0,037;-0,002;
14:28:08:717;0;0;-85;0;0;-80;0,313;0,037;-0,002;
14:28:08:866;0;-85;0;0;-83;0;0,328;0,038;-0,002;
14:28:09:179;0;-85;0;0;-83;0;0,335;0,038;-0,001;
14:28:09:354;0;0;-84;0;0;-82;0,323;0,037;-0,003;
14:28:09:354;0;0;-84;0;0;-81;0,323;0,037;-0,003;
14:28:09:486;0;-84;0;0;-83;0;0,341;0,037;-0,000;
14:28:09:486;0;-84;0;0;-83;0;0,341;0,037;-0,000;
14:28:09:641;0;0;-84;0;0;-82;0,321;0,035;-0,001;
14:28:09:641;0;0;-84;0;0;-81;0,321;0,035;-0,001;
14:28:09:796;0;-83;0;0;-83;0;0,335;0,037;-0,002;
14:28:09:796;0;-83;0;0;-83;0;0,335;0,037;-0,002;
14:28:10:106;0;-81;0;0;-83;0;0,307;0,036;-0,002;
14:28:10:106;0;-81;0;0;-83;0;0,307;0,036;-0,002;
14:28:10:261;0;0;-81;0;0;-82;0,299;0,036;-0,001;
14:28:10:264;0;0;-81;0;0;-81;0,299;0,036;-0,001;
14:28:10:574;0;0;-82;0;0;-82;0,300;0,037;-0,000;
14:28:10:726;0;-84;0;0;-83;0;0,307;0,037;-0,003;
14:28:10:879;0;0;-85;0;0;-82;0,300;0,038;-0,002;
14:28:10:879;0;0;-85;0;0;-82;0,300;0,038;-0,002;
14:28:11:036;0;-86;0;0;-83;0;0,302;0,037;-0,003;
14:28:11:037;0;-86;0;0;-83;0;0,309;0,038;-0,001;
14:28:11:514;0;0;-87;0;0;-82;0,321;0,038;-0,000;
14:28:11:514;0;0;-87;0;0;-82;0,321;0,038;-0,000;
14:28:11:656;0;-87;0;0;-84;0;0,324;0,034;-0,001;
14:28:11:656;0;-87;0;0;-83;0;0,324;0,034;-0,001;
14:28:11:811;0;0;-86;0;0;-83;0,323;0,037;-0,002;
14:28:11:810;0;0;-86;0;0;-82;0,323;0,037;-0,002;
14:28:12:292;0;-80;0;0;-82;0;0,261;0,038;-0,003;
14:28:12:292;0;-80;0;0;-83;0;0,261;0,038;-0,003;
14:28:12:431;0;0;-82;0;0;-82;0,288;0,037;-0,003;
14:28:12:431;0;0;-82;0;0;-83;0,295;0,039;-0,002;
14:28:12:586;0;-84;0;0;-83;0;0,291;0,038;-0,002;
14:28:12:589;0;-84;0;0;-83;0;0,291;0,038;-0,002;
14:28:12:741;0;0;-85;0;0;-82;0,296;0,038;-0,002;
14:28:12:742;0;0;-85;0;0;-82;0,292;0,036;-0,002;
14:28:12:896;0;-84;0;0;-83;0;0,343;0,039;-0,002;
14:28:13:078;0;0;-83;0;0;-82;0,322;0,037;-0,001;
14:28:13:206;0;-83;0;0;-83;0;0,319;0,037;-0,004;
14:28:13:206;0;-83;0;0;-83;0;0,319;0,037;-0,004;
14:28:13:361;0;0;-83;0;0;-82;0,351;0,039;-0,001;
14:28:13:364;0;0;-83;0;0;-82;0,351;0,039;-0,001;
14:28:13:671;0;0;-82;0;0;-83;0,294;0,037;-0,001;
14:28:13:671;0;0;-82;0;0;-83;0,294;0,037;-0,001;
14:28:13:826;0;-82;0;0;-83;0;0,296;0,037;-0,001;
14:28:13:826;0;-82;0;0;-83;0;0,296;0,037;-0,001;
14:28:13:981;0;0;-82;0;0;-82;0,280;0,038;-0,002;
14:28:13:981;0;0;-82;0;0;-83;0,280;0,038;-0,002;
14:28:14:136;0;-82;0;0;-83;0;0,285;0,037;-0,003;
14:28:14:136;0;-82;0;0;-83;0;0,285;0,037;-0,003;
14:28:14:603;0;0;-82;0;0;-83;0,306;0,037;-0,003;
14:28:14:603;0;0;-82;0;0;-82;0,306;0,037;-0,003;
14:28:14:756;0;-82;0;0;-83;0;0,322;0,036;-0,002;
14:28:14:759;0;-82;0;0;-83;0;0,327;0,039;-0,002;
14:28:14:910;0;0;-81;0;0;-83;0,330;0,039;-0,002;
14:28:14:911;0;0;-81;0;0;-82;0,330;0,039;-0,002;
14:28:15:068;0;-81;0;0;-83;0;0,329;0,036;-0,001;
14:28:15:068;0;-81;0;0;-83;0;0,329;0,036;-0,001;
14:28:15:221;0;0;-81;0;0;-83;0,296;0,036;-0,002;
14:28:15:376;0;-80;0;0;-83;0;0,274;0,037;-0,002;
14:28:15:377;0;-80;0;0;-83;0;0,274;0,037;-0,002;
14:28:15:531;0;0;-81;0;0;-82;0,288;0,036;-0,002;
14:28:15:531;0;0;-81;0;0;-83;0,290;0,036;-0,001;
14:28:15:686;0;-81;0;0;-83;0;0,285;0,039;-0,003;
14:28:15:686;0;-81;0;0;-83;0;0,285;0,039;-0,003;
14:28:15:841;0;0;-82;0;0;-82;0,284;0,036;-0,003;
14:28:15:841;0;0;-82;0;0;-83;0,284;0,036;-0,003;
14:28:15:996;0;-82;0;0;-83;0;0,283;0,039;-0,000;
14:28:15:996;0;-82;0;0;-83;0;0,283;0,039;-0,000;
14:28:16:151;0;0;-82;0;0;-83;0,267;0,037;-0,001;
14:28:16:151;0;0;-82;0;0;-83;0,267;0,037;-0,001;
14:28:16:306;0;-82;0;0;-83;0;0,257;0,038;-0,002;
14:28:16:306;0;-82;0;0;-82;0;0,257;0,038;-0,002;
14:28:16:471;0;0;-82;0;0;-83;0,255;0,038;-0,003;
14:28:16:934;0;-82;0;0;-82;0;0,319;0,037;-0,000;
14:28:16:934;0;-82;0;0;-83;0;0,319;0,037;-0,000;
14:28:17:080;0;0;-82;0;0;-82;0,339;0,037;-0,004;
14:28:17:084;0;0;-82;0;0;-83;0,339;0,037;-0,004;
14:28:17:390;0;0;-82;0;0;-82;0,329;0,038;-0,001;
14:28:17:700;0;0;-82;0;0;-83;0,221;0,035;-0,004;
14:28:17:701;0;0;-82;0;0;-82;0,221;0,035;-0,004;
14:28:17:857;0;-82;0;0;-82;0;0,248;0,037;-0,001;
14:28:17:856;0;-82;0;0;-82;0;0,248;0,037;-0,001;
14:28:18:010;0;0;-82;0;0;-82;0,269;0,037;-0,001;
14:28:18:011;0;0;-82;0;0;-82;0,269;0,037;-0,001;
14:28:18:166;0;-82;0;0;-82;0;0,254;0,038;-0,002;
14:28:18:166;0;-82;0;0;-82;0;0,254;0,038;-0,002;
14:28:18:321;0;0;-82;0;0;-82;0,258;0,037;-0,003;
14:28:18:321;0;0;-82;0;0;-82;0,258;0,037;-0,003;
14:28:18:476;0;-83;0;0;-82;0;0,260;0,038;-0,001;
14:28:18:476;0;-83;0;0;-82;0;0,260;0,038;-0,001;
14:28:18:785;0;-82;0;0;-82;0;0,247;0,037;-0,002;
14:28:19:108;0;-82;0;0;-82;0;0,261;0,037;-0,002;
14:28:19:108;0;-82;0;0;-82;0;0,261;0,037;-0,002;
14:28:19:251;0;0;-84;0;0;-82;0,280;0,039;-0,001;
14:28:19:251;0;0;-84;0;0;-82;0,277;0,039;-0,002;
14:28:19:561;0;0;-84;0;0;-82;0,281;0,037;-0,003;
14:28:19:561;0;0;-84;0;0;-82;0,281;0,037;-0,003;
14:28:19:715;0;-82;0;0;-82;0;0,247;0,035;-0,003;
14:28:19:928;0;0;-82;0;0;-82;0,220;0,038;-0,003;
14:28:20:025;0;-84;0;0;-82;0;0,224;0,036;-0,001;
14:28:20:025;0;-84;0;0;-82;0;0,224;0,036;-0,001;
14:28:20:181;0;0;-82;0;0;-82;0,225;0,038;-0,002;
14:28:20:181;0;0;-82;0;0;-82;0,225;0,038;-0,002;
14:28:20:336;0;-80;0;0;-82;0;0,233;0,038;-0,003;
14:28:20:336;0;-80;0;0;-82;0;0,233;0,038;-0,003;
14:28:20:490;0;0;-82;0;0;-82;0,253;0,037;-0,001;
14:28:20:494;0;0;-82;0;0;-82;0,253;0,037;-0,001;
14:28:20:645;0;-81;0;0;-81;0;0,255;0,036;-0,001;
14:28:20:646;0;-81;0;0;-82;0;0,255;0,036;-0,001;
14:28:20:956;0;-83;0;0;-82;0;0,238;0,035;-0,001;
14:28:20:956;0;-83;0;0;-82;0;0,238;0,035;-0,001;
14:28:21:424;0;0;-81;0;0;-82;0,244;0,038;-0,002;
14:28:21:427;0;0;-81;0;0;-82;0,240;0,036;-0,002;
14:28:21:731;0;0;-79;0;0;-81;0,269;0,037;-0,004;
14:28:21:731;0;0;-79;0;0;-82;0,269;0,037;-0,004;
14:28:22:363;0;0;-85;0;0;-82;0,157;-0,020;-0,022;
14:28:22:363;0;0;-85;0;0;-82;0,157;-0,020;-0,022;
14:28:22:505;0;-83;0;0;-81;0;2,066;0,083;0,006;
14:28:22:509;0;-83;0;0;-81;0;2,066;0,083;0,006;
14:28:22:661;0;0;-84;0;0;-82;-2,268;0,013;-0,080;
14:28:22:661;0;0;-84;0;0;-82;-2,268;0,013;-0,080;
14:28:22:815;0;-80;0;0;-81;0;2,511;0,029;0,002;
14:28:22:816;0;-80;0;0;-81;0;2,511;0,029;0,002;
14:28:23:125;0;-80;0;0;-81;0;2,868;0,053;-0,002;
14:28:23:125;0;-80;0;0;-81;0;2,868;0,053;-0,002;
14:28:23:280;0;0;-81;0;0;-82;2,900;0,056;-0,012;
14:28:23:283;0;0;-81;0;0;-82;2,900;0,056;-0,012;
14:28:23:433;0;-80;0;0;-81;0;2,932;0,049;-0,021;
14:28:23:657;0;0;-81;0;0;-82;2,788;0,047;-0,009;
14:28:23:901;0;0;-78;0;0;-81;2,824;0,050;-0,012;
14:28:23:901;0;0;-78;0;0;-81;2,824;0,050;-0,012;
14:28:24:055;0;-81;0;0;-81;0;2,819;0,046;-0,013;
14:28:24:056;0;-81;0;0;-81;0;2,819;0,046;-0,013;
14:28:24:210;0;0;-78;0;0;-81;2,804;0,047;-0,012;
14:28:24:211;0;0;-78;0;0;-81;2,804;0,047;-0,012;
14:28:24:695;0;-79;0;0;-81;0;2,818;0,049;-0,008;
14:28:24:696;0;-79;0;0;-81;0;2,830;0,047;-0,009;
14:28:24:985;0;-78;0;0;-81;0;2,869;0,049;-0,009;
14:28:24:989;0;-78;0;0;-81;0;2,869;0,049;-0,009;
14:28:25:141;0;0;-81;0;0;-81;2,845;0,050;-0,008;
14:28:25:141;0;0;-81;0;0;-81;2,845;0,050;-0,008;
14:28:25:295;0;-79;0;0;-81;0;2,821;0,047;-0,009;
14:28:25:295;0;-79;0;0;-81;0;2,821;0,047;-0,009;
14:28:25:606;0;-80;0;0;-81;0;2,832;0,046;-0,009;
14:28:25:606;0;-80;0;0;-81;0;2,832;0,046;-0,009;
14:28:25:760;0;0;-81;0;0;-81;2,874;0,048;-0,009;
14:28:25:942;0;-78;0;0;-80;0;2,867;0,049;-0,010;
14:28:26:070;0;0;-79;0;0;-81;2,840;0,046;-0,009;
14:28:26:071;0;0;-79;0;0;-81;2,840;0,046;-0,009;
14:28:26:226;0;-80;0;0;-81;0;2,852;0,048;-0,010;
14:28:26:225;0;-80;0;0;-80;0;2,852;0,048;-0,010;
14:28:26:380;0;0;-80;0;0;-81;2,839;0,048;-0,009;
14:28:26:384;0;0;-80;0;0;-81;2,827;0,047;-0,008;
14:28:26:535;0;-80;0;0;-80;0;2,831;0,049;-0,010;
14:28:27:319;0;0;-81;0;0;-81;2,831;0,046;-0,009;
14:28:27:319;0;0;-81;0;0;-81;2,831;0,046;-0,009;
14:28:27:465;0;-80;0;0;-81;0;2,789;0,046;-0,009;
14:28:27:466;0;-80;0;0;-80;0;2,789;0,046;-0,009;
14:28:27:620;0;0;-80;0;0;-81;2,822;0,049;-0,010;
14:28:27:621;0;0;-80;0;0;-81;2,822;0,049;-0,010;
14:28:27:775;0;-80;0;0;-80;0;2,801;0,047;-0,009;
14:28:27:776;0;-80;0;0;-80;0;2,801;0,047;-0,009;
14:28:27:929;0;0;-80;0;0;-81;2,746;0,047;-0,008;
14:28:27:929;0;0;-80;0;0;-81;2,746;0,047;-0,008;
14:28:28:241;0;0;-80;0;0;-80;2,844;0,046;-0,009;
14:28:28:240;0;0;-80;0;0;-81;2,844;0,046;-0,009;
14:28:28:398;0;-80;0;0;-80;0;2,855;0,047;-0,009;
14:28:28:398;0;-80;0;0;-80;0;2,862;0,049;-0,009;
14:28:28:551;0;0;-80;0;0;-80;2,914;0,047;-0,010;
14:28:28:551;0;0;-80;0;0;-81;2,914;0,047;-0,010;
14:28:28:706;0;-80;0;0;-80;0;2,919;0,049;-0,010;
14:28:28:706;0;-80;0;0;-80;0;2,919;0,049;-0,010;
14:28:29:188;0;0;-80;0;0;-80;2,900;0,049;-0,010;
14:28:29:188;0;0;-80;0;0;-80;2,900;0,049;-0,010;
14:28:29:652;0;-81;0;0;-80;0;2,828;0,047;-0,009;
14:28:29:652;0;-81;0;0;-80;0;2,828;0,047;-0,009;
14:28:29:790;0;0;-79;0;0;-80;2,828;0,049;-0,009;
14:28:29:792;0;0;-79;0;0;-80;2,801;0,049;-0,009;
14:28:29:945;0;-79;0;0;-80;0;2,853;0,050;-0,010;
14:28:29:945;0;-79;0;0;-80;0;2,853;0,050;-0,010;
14:28:30:101;0;0;-79;0;0;-80;2,832;0,049;-0,010;
14:28:30:100;0;0;-79;0;0;-80;2,832;0,049;-0,010;
14:28:30:256;0;-81;0;0;-80;0;2,867;0,051;-0,011;
14:28:30:256;0;-81;0;0;-80;0;2,867;0,051;-0,011;
14:28:30:410;0;0;-80;0;0;-80;2,842;0,048;-0,010;
14:28:30:411;0;0;-80;0;0;-80;2,842;0,048;-0,010;
14:28:30:565;0;-82;0;0;-80;0;2,829;0,049;-0,009;
14:28:30:565;0;-82;0;0;-80;0;2,829;0,049;-0,009;
14:28:30:720;0;0;-80;0;0;-80;2,862;0,049;-0,009;
14:28:30:721;0;0;-80;0;0;-80;2,862;0,049;-0,009;
14:28:30:876;0;-81;0;0;-79;0;2,865;0,047;-0,010;
14:28:30:875;0;-81;0;0;-80;0;2,865;0,047;-0,010;
14:28:31:033;0;0;-81;0;0;-80;2,864;0,048;-0,007;
14:28:31:036;0;0;-81;0;0;-80;2,864;0,048;-0,007;
14:28:31:189;0;-81;0;0;-80;0;2,905;0,049;-0,010;
14:28:31:341;0;0;-81;0;0;-80;2,858;0,049;-0,011;
14:28:31:854;0;-80;0;0;-80;0;2,949;0,047;-0,010;
14:28:32:268;0;0;-80;0;0;-80;2,906;0,046;-0,008;
14:28:32:268;0;0;-80;0;0;-79;2,906;0,046;-0,008;
14:28:32:425;0;-79;0;0;-79;0;2,938;0,047;-0,010;
14:28:32:429;0;-79;0;0;-80;0;2,938;0,047;-0,010;
14:28:32:580;0;0;-80;0;0;-80;3,002;0,049;-0,010;
14:28:32:580;0;0;-80;0;0;-79;3,002;0,049;-0,010;
14:28:32:735;0;-79;0;0;-79;0;2,996;0,050;-0,012;
14:28:32:735;0;-79;0;0;-80;0;2,996;0,050;-0,012;
14:28:32:891;0;0;-79;0;0;-79;3,016;0,050;-0,013;
14:28:32:890;0;0;-79;0;0;-79;3,016;0,050;-0,013;
14:28:33:371;0;-79;0;0;-79;0;2,959;0,048;-0,008;
14:28:33:372;0;-79;0;0;-79;0;2,982;0,048;-0,009;
14:28:33:510;0;0;-80;0;0;-80;2,922;0,047;-0,009;
14:28:33:664;0;-81;0;0;-80;0;2,947;0,051;-0,009;
14:28:33:665;0;-81;0;0;-79;0;2,935;0,049;-0,009;
14:28:33:821;0;0;-81;0;0;-79;2,915;0,048;-0,009;
14:28:33:823;0;0;-81;0;0;-80;2,915;0,048;-0,009;
14:28:33:975;0;-81;0;0;-80;0;2,947;0,048;-0,009;
14:28:33:976;0;-81;0;0;-80;0;2,947;0,048;-0,009;
14:28:34:130;0;0;-80;0;0;-80;2,925;0,048;-0,009;
14:28:34:134;0;0;-80;0;0;-79;2,960;0,048;-0,009;
14:28:34:603;0;-81;0;0;-80;0;2,837;0,047;-0,008;
14:28:34:603;0;-81;0;0;-80;0;2,837;0,047;-0,008;
14:28:34:746;0;0;-81;0;0;-80;2,819;0,046;-0,010;
14:28:34:746;0;0;-81;0;0;-80;2,819;0,046;-0,010;
14:28:35:060;0;0;-81;0;0;-80;2,821;0,049;-0,009;
14:28:35:060;0;0;-81;0;0;-80;2,821;0,049;-0,009;
14:28:35:370;0;0;-81;0;0;-80;2,944;0,049;-0,010;
14:28:35:371;0;0;-81;0;0;-80;2,944;0,049;-0,010;
14:28:35:681;0;0;-81;0;0;-80;2,958;0,048;-0,010;
14:28:35:835;0;-82;0;0;-80;0;2,956;0,048;-0,009;
14:28:35:990;0;0;-82;0;0;-80;2,927;0,050;-0,010;
14:28:35:990;0;0;-82;0;0;-80;2,927;0,050;-0,010;
14:28:36:145;0;-82;0;0;-80;0;2,903;0,049;-0,009;
14:28:36:145;0;-82;0;0;-80;0;2,903;0,049;-0,009;
14:28:36:300;0;0;-82;0;0;-80;2,937;0,050;-0,009;
14:28:36:301;0;0;-82;0;0;-80;2,912;0,050;-0,009;
14:28:36:467;0;-83;0;0;-80;0;2,899;0,048;-0,009;
14:28:37:385;0;-82;0;0;-80;0;2,898;0,049;-0,010;
14:28:37:386;0;-82;0;0;-80;0;2,898;0,049;-0,010;
14:28:37:540;0;0;-81;0;0;-80;2,881;0,047;-0,009;
14:28:37:541;0;0;-81;0;0;-80;2,881;0,047;-0,009;
14:28:37:695;0;-81;0;0;-80;0;2,999;0,048;-0,010;
14:28:37:696;0;-81;0;0;-80;0;2,999;0,048;-0,010;
14:28:37:850;0;0;-81;0;0;-80;2,995;0,049;-0,009;
14:28:37:851;0;0;-81;0;0;-80;2,995;0,049;-0,009;
14:28:38:008;0;-81;0;0;-80;0;3,016;0,050;-0,010;
14:28:38:201;0;0;-82;0;0;-80;2,940;0,048;-0,008;
14:28:38:470;0;0;-80;0;0;-80;2,967;0,049;-0,008;
14:28:38:470;0;0;-80;0;0;-80;2,967;0,049;-0,008;
14:28:38:626;0;-81;0;0;-80;0;2,969;0,048;-0,008;
14:28:38:625;0;-81;0;0;-80;0;2,969;0,048;-0,008;
14:28:38:780;0;0;-82;0;0;-80;2,981;0,050;-0,009;
14:28:38:781;0;0;-82;0;0;-80;2,966;0,049;-0,008;
14:28:38:935;0;-81;0;0;-80;0;3,028;0,047;-0,010;
14:28:38:937;0;-81;0;0;-80;0;3,028;0,047;-0,010;
14:28:39:090;0;0;-81;0;0;-80;2,975;0,050;-0,010;
14:28:39:091;0;0;-81;0;0;-80;2,977;0,048;-0,010;
14:28:39:245;0;-80;0;0;-80;0;2,947;0,049;-0,010;
14:28:39:245;0;-80;0;0;-80;0;2,947;0,049;-0,010;
14:28:39:731;0;0;-79;0;0;-80;2,936;0,048;-0,010;
14:28:39:731;0;0;-79;0;0;-80;2,936;0,048;-0,010;
14:28:39:865;0;-79;0;0;-80;0;2,910;0,050;-0,009;
14:28:39:865;0;-79;0;0;-80;0;2,910;0,050;-0,009;
14:28:40:020;0;0;-80;0;0;-80;2,896;0,046;-0,009;
14:28:40:021;0;0;-80;0;0;-80;2,896;0,046;-0,009;
14:28:40:175;0;-80;0;0;-80;0;2,896;0,047;-0,008;
14:28:40:175;0;-80;0;0;-80;0;2,896;0,047;-0,008;
14:28:40:330;0;0;-80;0;0;-80;2,888;0,047;-0,010;
14:28:40:498;0;-80;0;0;-80;0;2,937;0,048;-0,009;
14:28:40:641;0;0;-81;0;0;-80;2,953;0,049;-0,010;
14:28:40:640;0;0;-81;0;0;-80;2,953;0,049;-0,010;
14:28:40:795;0;-81;0;0;-80;0;2,968;0,050;-0,009;
14:28:40:795;0;-81;0;0;-80;0;2,968;0,050;-0,009;
14:28:40:950;0;0;-82;0;0;-80;2,985;0,048;-0,009;
14:28:40:954;0;0;-82;0;0;-80;2,985;0,048;-0,009;
14:28:41:106;0;-81;0;0;-80;0;2,995;0,049;-0,009;
14:28:41:105;0;-81;0;0;-80;0;2,995;0,049;-0,009;
14:28:41:261;0;0;-79;0;0;-80;2,984;0,050;-0,008;
14:28:41:261;0;0;-79;0;0;-80;2,984;0,050;-0,008;
14:28:41:416;0;-81;0;0;-80;0;2,964;0,047;-0,010;
14:28:41:418;0;-81;0;0;-80;0;2,990;0,049;-0,011;
14:28:41:570;0;0;-80;0;0;-80;2,973;0,048;-0,011;
14:28:41:571;0;0;-80;0;0;-80;2,973;0,048;-0,011;
14:28:42:043;0;-81;0;0;-80;0;2,983;0,049;-0,011;
14:28:42:055;0;-81;0;0;-80;0;2,958;0,051;-0,009;
14:28:42:191;0;0;-79;0;0;-80;2,943;0,047;-0,011;
14:28:42:191;0;0;-79;0;0;-80;2,944;0,050;-0,010;
14:28:42:345;0;-82;0;0;-80;0;2,980;0,051;-0,010;
14:28:42:345;0;-82;0;0;-81;0;2,980;0,051;-0,010;
14:28:42:504;0;0;-82;0;0;-80;2,550;0,067;0,038;
14:28:42:654;0;-82;0;0;-81;0;2,982;0,139;0,004;
14:28:42:809;0;0;-89;0;0;-81;-1,949;-0,112;-0,035;
14:28:42:812;0;0;-89;0;0;-81;-1,899;-0,104;-0,079;
14:28:42:964;0;-89;0;0;-81;0;-2,612;0,114;0,010;
14:28:42:964;0;-89;0;0;-81;0;-2,612;0,114;0,010;
14:28:43:120;0;0;-92;0;0;-81;-2,577;0,113;-0,019;
14:28:43:121;0;0;-92;0;0;-81;-2,577;0,113;-0,019;
14:28:43:275;0;-91;0;0;-81;0;-2,513;0,092;-0,058;
14:28:43:275;0;-91;0;0;-82;0;-2,513;0,092;-0,058;
14:28:43:430;0;0;-89;0;0;-82;-2,484;0,051;-0,027;
14:28:43:431;0;0;-89;0;0;-82;-2,484;0,051;-0,027;
14:28:43:585;0;-90;0;0;-82;0;-2,496;0,068;-0,031;
14:28:43:585;0;-90;0;0;-82;0;-2,496;0,068;-0,031;
14:28:43:740;0;0;-87;0;0;-82;-2,492;0,073;-0,043;
14:28:43:740;0;0;-87;0;0;-82;-2,492;0,073;-0,043;
14:28:43:895;0;-82;0;0;-82;0;-2,511;0,063;-0,023;
14:28:44:376;0;0;-85;0;0;-82;-2,482;0,066;-0,028;
14:28:44:377;0;0;-85;0;0;-82;-2,482;0,066;-0,028;
14:28:44:515;0;-83;0;0;-82;0;-2,487;0,064;-0,028;
14:28:44:515;0;-83;0;0;-82;0;-2,487;0,064;-0,028;
14:28:44:668;0;0;-84;0;0;-82;-2,498;0,065;-0,031;
14:28:44:667;0;0;-84;0;0;-82;-2,498;0,065;-0,031;
14:28:44:980;0;0;-84;0;0;-82;-2,510;0,066;-0,031;
14:28:45:133;0;-82;0;0;-82;0;-2,500;0,069;-0,030;
14:28:45:133;0;-82;0;0;-82;0;-2,500;0,069;-0,030;
14:28:45:290;0;0;-84;0;0;-82;-2,492;0,070;-0,030;
14:28:45:290;0;0;-84;0;0;-82;-2,492;0,070;-0,030;
14:28:45:445;0;-85;0;0;-82;0;-2,483;0,067;-0,030;
14:28:45:445;0;-85;0;0;-82;0;-2,483;0,067;-0,030;
14:28:45:755;0;-85;0;0;-82;0;-2,478;0,068;-0,030;
14:28:45:755;0;-85;0;0;-82;0;-2,478;0,068;-0,030;
14:28:46:065;0;-83;0;0;-82;0;-2,468;0,068;-0,030;
14:28:46:065;0;-83;0;0;-82;0;-2,468;0,068;-0,030;
14:28:46:233;0;0;-83;0;0;-83;-2,461;0,068;-0,032;
14:28:46:530;0;0;-83;0;0;-82;-2,467;0,069;-0,031;
14:28:46:530;0;0;-83;0;0;-83;-2,467;0,069;-0,031;
14:28:46:685;0;-82;0;0;-82;0;-2,481;0,070;-0,030;
14:28:46:685;0;-82;0;0;-82;0;-2,481;0,070;-0,030;
14:28:47:317;0;-84;0;0;-83;0;-2,474;0,068;-0,030;
14:28:47:317;0;-84;0;0;-83;0;-2,474;0,068;-0,030;
14:28:47:460;0;0;-82;0;0;-83;-2,467;0,070;-0,031;
14:28:47:463;0;0;-82;0;0;-82;-2,467;0,070;-0,031;
14:28:47:615;0;-83;0;0;-83;0;-2,474;0,070;-0,029;
14:28:47:615;0;-83;0;0;-83;0;-2,472;0,069;-0,030;
14:28:47:770;0;0;-83;0;0;-83;-2,475;0,068;-0,029;
14:28:47:770;0;0;-83;0;0;-83;-2,475;0,068;-0,029;
14:28:47:925;0;-84;0;0;-83;0;-2,479;0,070;-0,030;
14:28:47:925;0;-84;0;0;-83;0;-2,479;0,070;-0,030;
14:28:48:080;0;0;-82;0;0;-83;-2,481;0,069;-0,029;
14:28:48:080;0;0;-82;0;0;-83;-2,481;0,069;-0,029;
14:28:48:235;0;-83;0;0;-83;0;-2,481;0,069;-0,029;
14:28:48:236;0;-83;0;0;-83;0;-2,481;0,069;-0,029;
14:28:48:390;0;0;-82;0;0;-83;-2,473;0,067;-0,032;
14:28:48:390;0;0;-82;0;0;-83;-2,469;0,067;-0,032;
14:28:48:545;0;-82;0;0;-83;0;-2,481;0,068;-0,030;
14:28:48:545;0;-82;0;0;-83;0;-2,481;0,068;-0,030;
14:28:48:701;0;0;-84;0;0;-83;-2,479;0,069;-0,031;
14:28:48:700;0;0;-84;0;0;-83;-2,479;0,069;-0,031;
14:28:48:857;0;-84;0;0;-83;0;-2,481;0,070;-0,029;
14:28:48:858;0;-84;0;0;-83;0;-2,481;0,070;-0,029;
14:28:49:009;0;0;-83;0;0;-83;-2,496;0,069;-0,030;
14:28:49:011;0;0;-83;0;0;-83;-2,497;0,069;-0,030;
14:28:49:165;0;-83;0;0;-83;0;-2,497;0,068;-0,031;
14:28:49:165;0;-83;0;0;-84;0;-2,497;0,068;-0,031;
14:28:49:653;0;0;-84;0;0;-84;-2,496;0,069;-0,030;
14:28:49:653;0;0;-84;0;0;-83;-2,496;0,069;-0,030;
14:28:49:785;0;-84;0;0;-84;0;-2,494;0,068;-0,029;
14:28:49:785;0;-84;0;0;-84;0;-2,494;0,068;-0,029;
14:28:49:940;0;0;-83;0;0;-83;-2,482;0,068;-0,032;
14:28:49:940;0;0;-83;0;0;-84;-2,482;0,068;-0,032;
14:28:50:095;0;-84;0;0;-84;0;-2,484;0,069;-0,032;
14:28:50:095;0;-84;0;0;-84;0;-2,484;0,069;-0,032;
14:28:50:250;0;0;-84;0;0;-83;-2,478;0,068;-0,030;
14:28:50:251;0;0;-84;0;0;-84;-2,478;0,068;-0,030;
14:28:50:405;0;-83;0;0;-84;0;-2,470;0,069;-0,031;
14:28:50:406;0;-83;0;0;-84;0;-2,469;0,069;-0,032;
14:28:50:560;0;0;-83;0;0;-84;-2,473;0,070;-0,030;
14:28:50:563;0;0;-83;0;0;-84;-2,473;0,070;-0,030;
14:28:50:718;0;-83;0;0;-84;0;-2,464;0,066;-0,032;
14:28:50:718;0;-83;0;0;-84;0;-2,464;0,066;-0,032;
14:28:50:870;0;0;-83;0;0;-84;-2,468;0,068;-0,032;
14:28:50:870;0;0;-83;0;0;-84;-2,468;0,068;-0,032;
14:28:51:028;0;-83;0;0;-83;0;-2,467;0,067;-0,029;
14:28:51:028;0;-83;0;0;-84;0;-2,467;0,067;-0,029;
14:28:51:182;0;0;-84;0;0;-83;-2,467;0,067;-0,031;
14:28:51:185;0;0;-84;0;0;-84;-2,467;0,067;-0,031;
14:28:51:338;0;-83;0;0;-83;0;-2,480;0,070;-0,028;
14:28:51:339;0;-83;0;0;-83;0;-2,470;0,067;-0,030;
14:28:51:498;0;0;-83;0;0;-83;-2,479;0,069;-0,032;
14:28:52:265;0;-85;0;0;-83;0;-2,460;0,069;-0,032;
14:28:52:265;0;-85;0;0;-83;0;-2,460;0,069;-0,032;
14:28:52:575;0;-83;0;0;-83;0;-2,456;0,070;-0,029;
14:28:52:575;0;-83;0;0;-83;0;-2,456;0,070;-0,029;
14:28:52:730;0;0;-83;0;0;-84;-2,445;0,069;-0,030;
14:28:52:730;0;0;-83;0;0;-83;-2,445;0,069;-0,030;
14:28:52:885;0;-84;0;0;-83;0;-2,441;0,067;-0,031;
14:28:52:885;0;-84;0;0;-83;0;-2,441;0,067;-0,031;
14:28:53:041;0;0;-85;0;0;-83;-2,449;0,069;-0,030;
14:28:53:040;0;0;-85;0;0;-83;-2,449;0,069;-0,030;
14:28:53:195;0;-85;0;0;-83;0;-2,442;0,069;-0,030;
14:28:53:195;0;-85;0;0;-83;0;-2,442;0,069;-0,030;
14:28:53:350;0;0;-84;0;0;-83;-2,451;0,068;-0,028;
14:28:53:351;0;0;-84;0;0;-83;-2,451;0,068;-0,028;
14:28:53:506;0;-83;0;0;-83;0;-2,441;0,070;-0,031;
14:28:53:505;0;-83;0;0;-83;0;-2,441;0,070;-0,031;
14:28:53:660;0;0;-83;0;0;-83;-2,440;0,069;-0,032;
14:28:53:660;0;0;-83;0;0;-83;-2,440;0,069;-0,032;
14:28:54:158;0;-83;0;0;-83;0;-2,446;0,068;-0,030;
14:28:54:604;0;0;-83;0;0;-83;-2,465;0,069;-0,032;
14:28:54:604;0;0;-83;0;0;-83;-2,465;0,069;-0,032;
14:28:54:745;0;-84;0;0;-83;0;-2,462;0,068;-0,029;
14:28:54:745;0;-84;0;0;-83;0;-2,462;0,068;-0,029;
14:28:54:900;0;0;-84;0;0;-83;-2,458;0,069;-0,031;
14:28:54:901;0;0;-84;0;0;-83;-2,458;0,069;-0,031;
14:28:55:055;0;-85;0;0;-83;0;-2,463;0,071;-0,031;
14:28:55:055;0;-85;0;0;-83;0;-2,463;0,071;-0,031;
14:28:55:210;0;0;-84;0;0;-83;-2,452;0,068;-0,030;
14:28:55:210;0;0;-84;0;0;-83;-2,452;0,068;-0,030;
14:28:55:365;0;-82;0;0;-83;0;-2,457;0,070;-0,031;
14:28:55:365;0;-82;0;0;-83;0;-2,457;0,070;-0,031;
14:28:55:520;0;0;-82;0;0;-83;-2,450;0,068;-0,032;
14:28:55:520;0;0;-82;0;0;-83;-2,450;0,068;-0,032;
14:28:55:675;0;-84;0;0;-83;0;-2,464;0,071;-0,028;
14:28:55:675;0;-84;0;0;-83;0;-2,464;0,071;-0,028;
14:28:55:830;0;0;-83;0;0;-83;-2,450;0,070;-0,031;
14:28:55:830;0;0;-83;0;0;-83;-2,450;0,070;-0,031;
14:28:55:985;0;-83;0;0;-83;0;-2,448;0,069;-0,031;
14:28:55:985;0;-83;0;0;-83;0;-2,448;0,069;-0,031;
14:28:56:141;0;0;-84;0;0;-83;-2,447;0,071;-0,030;
14:28:56:142;0;0;-84;0;0;-83;-2,447;0,071;-0,030;
14:28:56:295;0;-85;0;0;-83;0;-2,448;0,070;-0,031;
14:28:56:447;0;0;-85;0;0;-83;-2,457;0,072;-0,031;
14:28:56:787;0;0;-85;0;0;-83;-2,461;0,070;-0,030;
14:28:57:380;0;0;-85;0;0;-83;-2,484;0,067;-0,030;
14:28:57:380;0;0;-85;0;0;-83;-2,484;0,067;-0,030;
14:28:57:535;0;-86;0;0;-83;0;-2,482;0,068;-0,030;
14:28:57:535;0;-86;0;0;-83;0;-2,482;0,068;-0,030;
14:28:57:690;0;0;-86;0;0;-83;-2,450;0,070;-0,032;
14:28:57:690;0;0;-86;0;0;-83;-2,450;0,070;-0,032;
14:28:57:845;0;-86;0;0;-83;0;-2,453;0,069;-0,031;
14:28:57:845;0;-86;0;0;-83;0;-2,453;0,069;-0,031;
14:28:58:001;0;0;-86;0;0;-83;-2,457;0,068;-0,030;
14:28:58:000;0;0;-86;0;0;-83;-2,460;0,070;-0,030;
14:28:58:155;0;-86;0;0;-84;0;-2,455;0,069;-0,031;
14:28:58:155;0;-86;0;0;-83;0;-2,455;0,069;-0,031;
14:28:58:310;0;0;-86;0;0;-84;-2,457;0,070;-0,031;
14:28:58:313;0;0;-86;0;0;-84;-2,457;0,070;-0,031;
14:28:58:623;0;0;-86;0;0;-84;-2,448;0,070;-0,030;
14:28:58:930;0;0;-85;0;0;-84;-2,436;0,070;-0,030;
14:28:58:931;0;0;-85;0;0;-84;-2,436;0,070;-0,030;
14:28:59:085;0;-85;0;0;-84;0;-2,433;0,070;-0,029;
14:28:59:085;0;-85;0;0;-84;0;-2,433;0,070;-0,029;
14:28:59:240;0;0;-84;0;0;-84;-2,438;0,068;-0,030;
14:28:59:240;0;0;-84;0;0;-84;-2,438;0,068;-0,030;
14:28:59:870;0;0;-84;0;0;-84;-2,475;0,070;-0,031;
14:28:59:869;0;0;-84;0;0;-84;-2,475;0,070;-0,031;
14:29:00:167;0;0;-84;0;0;-84;-2,489;0,070;-0,031;
14:29:00:166;0;0;-84;0;0;-84;-2,489;0,070;-0,031;
14:29:00:480;0;0;-84;0;0;-84;-2,450;0,068;-0,031;
14:29:00:480;0;0;-84;0;0;-84;-2,450;0,068;-0,031;
14:29:00:635;0;-83;0;0;-84;0;-2,443;0,068;-0,031;
14:29:00:635;0;-83;0;0;-84;0;-2,443;0,068;-0,031;
14:29:00:790;0;0;-83;0;0;-84;-2,440;0,071;-0,031;
14:29:01:101;0;0;-83;0;0;-84;-2,432;0,067;-0,029;
14:29:01:101;0;0;-83;0;0;-84;-2,432;0,067;-0,029;
14:29:01:254;0;-83;0;0;-84;0;-2,443;0,065;-0,028;
14:29:01:255;0;-83;0;0;-83;0;-2,443;0,065;-0,028;
14:29:01:410;0;0;-84;0;0;-84;-2,437;0,070;-0,031;
14:29:01:410;0;0;-84;0;0;-84;-2,437;0,070;-0,031;
14:29:01:580;0;-84;0;0;-84;0;-2,436;0,069;-0,031;
14:29:01:580;0;-84;0;0;-84;0;-2,436;0,069;-0,031;
14:29:02:057;0;0;-84;0;0;-84;-2,437;0,067;-0,031;
14:29:02:059;0;0;-84;0;0;-84;-2,437;0,067;-0,031;
14:29:02:186;0;-84;0;0;-84;0;-2,451;0,071;-0,030;
14:29:02:185;0;-84;0;0;-84;0;-2,451;0,071;-0,030;
14:29:02:343;0;0;-84;0;0;-84;-2,446;0,068;-0,031;
14:29:02:343;0;0;-84;0;0;-84;-2,446;0,068;-0,031;
14:29:02:495;0;-83;0;0;-84;0;-2,453;0,067;-0,029;
14:29:02:495;0;-83;0;0;-84;0;-2,453;0,068;-0,029;
14:29:02:805;0;-87;0;0;-84;0;-2,407;0,064;-0,039;
14:29:02:805;0;-87;0;0;-84;0;-2,407;0,064;-0,039;
14:29:02:960;0;0;-86;0;0;-84;-2,712;0,193;0,062;
14:29:02:959;0;0;-86;0;0;-84;-2,712;0,193;0,062;
14:29:03:115;0;-85;0;0;-84;0;-2,505;0,128;-0,012;
14:29:03:291;0;0;-80;0;0;-84;-2,152;0,028;-0,050;
14:29:03:425;0;-78;0;0;-83;0;-2,263;0,079;0,025;
14:29:03:425;0;-78;0;0;-83;0;-2,263;0,079;0,025;
14:29:03:580;0;0;-78;0;0;-84;-2,115;0,052;-0,039;
14:29:03:580;0;0;-78;0;0;-84;-2,115;0,052;-0,039;
14:29:03:735;0;-75;0;0;-83;0;-2,040;-0,000;-0,009;
14:29:03:735;0;-75;0;0;-83;0;-2,040;-0,000;-0,009;
14:29:04:357;0;-77;0;0;-83;0;-2,041;0,050;-0,048;
14:29:04:357;0;-77;0;0;-83;0;-2,041;0,050;-0,048;
14:29:04:665;0;-77;0;0;-82;0;-2,053;0,051;-0,042;
14:29:04:665;0;-77;0;0;-82;0;-2,053;0,051;-0,042;
14:29:04:820;0;0;-77;0;0;-83;-2,050;0,051;-0,041;
14:29:04:819;0;0;-77;0;0;-83;-2,050;0,051;-0,041;
14:29:04:975;0;-77;0;0;-82;0;-2,035;0,046;-0,040;
14:29:04:975;0;-77;0;0;-82;0;-2,035;0,046;-0,040;
14:29:05:130;0;0;-78;0;0;-83;-2,034;0,046;-0,038;
14:29:05:130;0;0;-78;0;0;-83;-2,034;0,046;-0,038;
14:29:05:285;0;-79;0;0;-82;0;-2,046;0,048;-0,039;
14:29:05:285;0;-79;0;0;-82;0;-2,048;0,049;-0,038;
14:29:05:440;0;0;-79;0;0;-83;-2,038;0,045;-0,040;
14:29:05:595;0;-78;0;0;-82;0;-2,042;0,045;-0,039;
14:29:05:595;0;-78;0;0;-81;0;-2,042;0,045;-0,039;
14:29:05:750;0;0;-78;0;0;-83;-2,038;0,046;-0,037;
14:29:05:750;0;0;-78;0;0;-82;-2,038;0,046;-0,037;
14:29:05:905;0;-78;0;0;-81;0;-2,032;0,048;-0,039;
14:29:05:905;0;-78;0;0;-81;0;-2,032;0,048;-0,039;
14:29:06:060;0;0;-78;0;0;-82;-2,033;0,047;-0,038;
14:29:06:060;0;0;-78;0;0;-82;-2,033;0,047;-0,038;
14:29:06:227;0;-79;0;0;-81;0;-2,034;0,048;-0,039;
14:29:06:547;0;-78;0;0;-81;0;-2,041;0,050;-0,036;
14:29:06:550;0;-78;0;0;-81;0;-2,041;0,050;-0,036;
14:29:06:682;0;0;-79;0;0;-82;-2,052;0,051;-0,036;
14:29:06:682;0;0;-79;0;0;-81;-2,052;0,051;-0,036;
14:29:07:478;0;-78;0;0;-81;0;-2,051;0,050;-0,037;
14:29:07:479;0;-78;0;0;-80;0;-2,051;0,050;-0,037;
14:29:07:609;0;0;-79;0;0;-81;-2,057;0,048;-0,036;
14:29:07:920;0;0;-78;0;0;-82;-2,063;0,051;-0,036;
14:29:07:919;0;0;-78;0;0;-81;-2,063;0,051;-0,036;
14:29:08:075;0;-78;0;0;-80;0;-2,055;0,046;-0,036;
14:29:08:075;0;-78;0;0;-80;0;-2,055;0,046;-0,036;
14:29:08:230;0;0;-78;0;0;-80;-2,050;0,048;-0,036;
14:29:08:230;0;0;-78;0;0;-81;-2,050;0,048;-0,036;
14:29:08:385;0;-78;0;0;-80;0;-2,042;0,050;-0,040;
14:29:08:386;0;-78;0;0;-79;0;-2,043;0,050;-0,040;
14:29:08:540;0;0;-78;0;0;-81;-2,042;0,049;-0,037;
14:29:08:540;0;0;-78;0;0;-80;-2,042;0,049;-0,037;
14:29:08:695;0;-77;0;0;-79;0;-2,043;0,049;-0,039;
14:29:08:695;0;-77;0;0;-79;0;-2,043;0,049;-0,039;
14:29:09:181;0;0;-78;0;0;-81;-2,040;0,048;-0,037;
14:29:09:181;0;0;-78;0;0;-80;-2,040;0,048;-0,037;
14:29:09:318;0;-78;0;0;-79;0;-2,049;0,046;-0,038;
14:29:09:319;0;-78;0;0;-79;0;-2,049;0,046;-0,038;
14:29:10:125;0;0;-77;0;0;-79;-2,072;0,049;-0,036;
14:29:10:244;0;-77;0;0;-79;0;-2,071;0,048;-0,037;
14:29:10:245;0;-77;0;0;-79;0;-2,071;0,048;-0,037;
14:29:10:400;0;0;-77;0;0;-80;-2,071;0,049;-0,038;
14:29:10:400;0;0;-77;0;0;-79;-2,071;0,049;-0,038;
14:29:10:554;0;-77;0;0;-78;0;-2,051;0,047;-0,038;
14:29:10:555;0;-77;0;0;-78;0;-2,051;0,047;-0,038;
14:29:10:710;0;0;-78;0;0;-80;-2,052;0,050;-0,036;
14:29:10:709;0;0;-78;0;0;-79;-2,052;0,050;-0,036;
14:29:10:865;0;-78;0;0;-78;0;-2,049;0,050;-0,039;
14:29:10:864;0;-78;0;0;-78;0;-2,049;0,050;-0,039;
14:29:11:175;0;-77;0;0;-78;0;-2,040;0,049;-0,038;
14:29:11:175;0;-77;0;0;-78;0;-2,040;0,049;-0,038;
14:29:11:330;0;0;-78;0;0;-79;-2,034;0,048;-0,037;
14:29:11:330;0;0;-78;0;0;-80;-2,034;0,048;-0,037;
14:29:11:484;0;-78;0;0;-77;0;-2,036;0,049;-0,037;
14:29:11:484;0;-78;0;0;-77;0;-2,034;0,048;-0,038;
14:29:11:658;0;0;-78;0;0;-79;-2,031;0,048;-0,037;
14:29:11:657;0;0;-78;0;0;-78;-2,031;0,048;-0,037;
14:29:12:125;0;-78;0;0;-77;0;-2,038;0,049;-0,038;
14:29:12:125;0;-78;0;0;-77;0;-2,038;0,049;-0,038;
14:29:12:576;0;0;-78;0;0;-78;-2,035;0,049;-0,037;
14:29:12:577;0;0;-78;0;0;-79;-2,035;0,049;-0,037;
14:29:12:725;0;-78;0;0;-77;0;-2,040;0,050;-0,038;
14:29:12:726;0;-78;0;0;-77;0;-2,040;0,050;-0,038;
14:29:13:035;0;-78;0;0;-77;0;-2,032;0,046;-0,036;
14:29:13:034;0;-78;0;0;-77;0;-2,032;0,046;-0,036;
14:29:13:190;0;0;-78;0;0;-79;-2,039;0,049;-0,038;
14:29:13:190;0;0;-78;0;0;-78;-2,041;0,049;-0,036;
14:29:13:500;0;0;-78;0;0;-78;-2,024;0,049;-0,036;
14:29:13:500;0;0;-78;0;0;-78;-2,024;0,049;-0,036;
14:29:13:655;0;-78;0;0;-77;0;-2,029;0,049;-0,035;
14:29:13:654;0;-78;0;0;-77;0;-2,029;0,049;-0,035;
14:29:13:809;0;0;-78;0;0;-78;-2,028;0,048;-0,037;
14:29:13:810;0;0;-78;0;0;-78;-2,028;0,048;-0,037;
14:29:13:964;0;-78;0;0;-77;0;-2,037;0,050;-0,036;
14:29:14:737;0;0;-78;0;0;-78;-2,054;0,048;-0,036;
14:29:14:736;0;0;-78;0;0;-78;-2,054;0,048;-0,036;
14:29:14:895;0;-78;0;0;-77;0;-2,060;0,049;-0,037;
14:29:14:894;0;-78;0;0;-77;0;-2,060;0,049;-0,037;
14:29:15:050;0;0;-76;0;0;-77;-2,057;0,049;-0,036;
14:29:15:050;0;0;-76;0;0;-77;-2,057;0,049;-0,036;
14:29:15:205;0;-78;0;0;-77;0;-2,045;0,049;-0,037;
14:29:15:205;0;-78;0;0;-77;0;-2,045;0,049;-0,037;
14:29:15:359;0;0;-79;0;0;-77;-2,040;0,049;-0,037;
14:29:15:359;0;0;-79;0;0;-77;-2,040;0,049;-0,037;
14:29:15:515;0;-80;0;0;-77;0;-2,036;0,047;-0,036;
14:29:15:515;0;-80;0;0;-77;0;-2,036;0,047;-0,036;
14:29:15:670;0;0;-78;0;0;-77;-2,030;0,050;-0,038;
14:29:15:671;0;0;-78;0;0;-77;-2,030;0,050;-0,038;
14:29:15:825;0;-78;0;0;-77;0;-2,033;0,051;-0,038;
14:29:15:825;0;-78;0;0;-77;0;-2,033;0,051;-0,038;
14:29:15:979;0;0;-78;0;0;-77;-2,032;0,049;-0,038;
14:29:15:980;0;0;-78;0;0;-77;-2,031;0,047;-0,038;
14:29:16:301;0;0;-78;0;0;-77;-2,033;0,049;-0,038;
14:29:16:601;0;0;-79;0;0;-78;-2,040;0,050;-0,035;
14:29:16:602;0;0;-79;0;0;-77;-2,035;0,048;-0,038;
14:29:16:754;0;-79;0;0;-77;0;-2,035;0,050;-0,039;
14:29:17:541;0;0;-79;0;0;-77;-2,038;0,049;-0,037;
14:29:17:541;0;0;-79;0;0;-78;-2,038;0,049;-0,037;
14:29:17:686;0;-80;0;0;-78;0;-2,047;0,050;-0,036;
14:29:17:687;0;-80;0;0;-78;0;-2,050;0,050;-0,036;
14:29:17:840;0;0;-80;0;0;-78;-2,047;0,049;-0,037;
14:29:17:840;0;0;-80;0;0;-78;-2,047;0,049;-0,037;
14:29:18:150;0;0;-79;0;0;-78;-2,033;0,048;-0,039;
14:29:18:150;0;0;-79;0;0;-78;-2,033;0,048;-0,039;
14:29:18:304;0;-80;0;0;-78;0;-2,029;0,049;-0,036;
14:29:18:305;0;-80;0;0;-78;0;-2,029;0,049;-0,036;
14:29:18:460;0;0;-80;0;0;-78;-2,029;0,049;-0,037;
14:29:18:460;0;0;-80;0;0;-78;-2,029;0,049;-0,037;
14:29:18:614;0;-78;0;0;-78;0;-2,034;0,051;-0,037;
14:29:18:615;0;-78;0;0;-78;0;-2,034;0,051;-0,037;
14:29:18:769;0;0;-78;0;0;-78;-2,034;0,051;-0,035;
14:29:18:770;0;0;-78;0;0;-78;-2,033;0,050;-0,035;
14:29:18:925;0;-79;0;0;-78;0;-2,029;0,049;-0,039;
14:29:18:926;0;-79;0;0;-78;0;-2,029;0,049;-0,039;
14:29:19:081;0;0;-79;0;0;-78;-2,036;0,049;-0,038;
14:29:19:275;0;-78;0;0;-78;0;-2,030;0,049;-0,036;
14:29:19:388;0;0;-78;0;0;-78;-2,035;0,050;-0,036;
14:29:19:702;0;0;-78;0;0;-78;-2,012;0,047;-0,036;
14:29:19:855;0;-77;0;0;-78;0;-2,020;0,047;-0,037;
14:29:19:855;0;-77;0;0;-78;0;-2,020;0,047;-0,037;
14:29:20:010;0;0;-78;0;0;-78;-2,025;0,050;-0,038;
14:29:20:010;0;0;-78;0;0;-78;-2,025;0,050;-0,038;
14:29:20:165;0;-78;0;0;-78;0;-2,028;0,049;-0,036;
14:29:20:164;0;-78;0;0;-78;0;-2,028;0,049;-0,036;
14:29:20:475;0;-78;0;0;-78;0;-2,021;0,049;-0,037;
14:29:20:475;0;-78;0;0;-78;0;-2,021;0,049;-0,037;
14:29:20:785;0;-78;0;0;-78;0;-2,023;0,050;-0,038;
14:29:20:785;0;-78;0;0;-78;0;-2,023;0,050;-0,038;
14:29:20:940;0;0;-79;0;0;-78;-2,031;0,049;-0,037;
14:29:20:940;0;0;-79;0;0;-78;-2,031;0,049;-0,037;
14:29:21:094;0;-77;0;0;-78;0;-2,033;0,048;-0,035;
14:29:21:094;0;-77;0;0;-78;0;-2,033;0,048;-0,035;
14:29:21:251;0;0;-77;0;0;-78;-2,035;0,050;-0,037;
14:29:21:255;0;0;-77;0;0;-78;-2,035;0,050;-0,037;
14:29:21:408;0;-78;0;0;-78;0;-2,031;0,049;-0,037;
14:29:21:583;0;0;-78;0;0;-78;-2,034;0,053;-0,033;
14:29:22:030;0;-74;0;0;-78;0;-1,988;0,029;-0,004;
14:29:22:030;0;-74;0;0;-78;0;-1,988;0,029;-0,004;
14:29:22:179;0;0;-76;0;0;-78;-1,872;0,003;-0,023;
14:29:22:186;0;0;-76;0;0;-78;-1,826;0,000;-0,033;
14:29:22:490;0;0;-78;0;0;-78;-1,673;0,027;-0,048;
14:29:22:489;0;0;-78;0;0;-78;-1,673;0,027;-0,048;
14:29:22:644;0;-77;0;0;-78;0;-1,665;0,027;-0,035;
14:29:22:644;0;-77;0;0;-78;0;-1,665;0,027;-0,035;
14:29:22:799;0;0;-77;0;0;-78;-1,638;0,033;-0,034;
14:29:22:803;0;0;-77;0;0;-78;-1,646;0,039;-0,038;
14:29:22:955;0;-79;0;0;-78;0;-1,626;0,032;-0,038;
14:29:22:955;0;-79;0;0;-78;0;-1,626;0,032;-0,038;
14:29:23:110;0;0;-80;0;0;-78;-1,633;0,038;-0,041;
14:29:23:109;0;0;-80;0;0;-78;-1,633;0,038;-0,041;
14:29:23:264;0;-80;0;0;-78;0;-1,638;0,041;-0,042;
14:29:23:264;0;-80;0;0;-78;0;-1,638;0,041;-0,042;
14:29:23:420;0;0;-77;0;0;-78;-1,633;0,037;-0,041;
14:29:23:422;0;0;-77;0;0;-78;-1,633;0,037;-0,041;
14:29:23:729;0;0;-78;0;0;-78;-1,638;0,039;-0,041;
14:29:23:884;0;-77;0;0;-78;0;-1,644;0,043;-0,039;
14:29:23:884;0;-77;0;0;-78;0;-1,644;0,043;-0,039;
14:29:24:352;0;0;-78;0;0;-78;-1,637;0,042;-0,038;
14:29:24:352;0;0;-78;0;0;-78;-1,637;0,042;-0,038;
14:29:24:505;0;-78;0;0;-78;0;-1,638;0,040;-0,040;
14:29:24:504;0;-78;0;0;-78;0;-1,638;0,040;-0,040;
14:29:24:658;0;0;-77;0;0;-78;-1,637;0,040;-0,042;
14:29:24:658;0;0;-77;0;0;-78;-1,637;0,040;-0,042;
14:29:24:814;0;-77;0;0;-78;0;-1,644;0,038;-0,041;
14:29:24:814;0;-77;0;0;-78;0;-1,644;0,038;-0,041;
14:29:25:124;0;-77;0;0;-77;0;-1,649;0,040;-0,039;
14:29:25:124;0;-77;0;0;-78;0;-1,649;0,040;-0,039;
14:29:25:279;0;0;-77;0;0;-78;-1,649;0,040;-0,041;
14:29:25:280;0;0;-77;0;0;-78;-1,649;0,040;-0,041;
14:29:25:434;0;-77;0;0;-77;0;-1,651;0,042;-0,039;
14:29:25:435;0;-77;0;0;-77;0;-1,651;0,042;-0,039;
14:29:25:592;0;0;-78;0;0;-78;-1,642;0,041;-0,039;
14:29:25:591;0;0;-78;0;0;-78;-1,642;0,041;-0,039;
14:29:25:745;0;-77;0;0;-77;0;-1,639;0,039;-0,038;
14:29:25:745;0;-77;0;0;-77;0;-1,639;0,039;-0,038;
14:29:25:902;0;0;-79;0;0;-78;-1,643;0,042;-0,042;
14:29:26:054;0;-79;0;0;-77;0;-1,643;0,039;-0,040;
14:29:26:214;0;0;-78;0;0;-78;-1,649;0,041;-0,041;
14:29:26:695;0;-77;0;0;-77;0;-1,651;0,040;-0,040;
14:29:26:695;0;-77;0;0;-77;0;-1,651;0,040;-0,040;
14:29:26:829;0;0;-77;0;0;-78;-1,650;0,040;-0,039;
14:29:26:830;0;0;-77;0;0;-77;-1,646;0,040;-0,039;
14:29:27:463;0;0;-78;0;0;-77;-1,634;0,038;-0,039;
14:29:27:463;0;0;-78;0;0;-78;-1,634;0,038;-0,039;
14:29:27:604;0;-78;0;0;-77;0;-1,636;0,040;-0,039;
14:29:27:604;0;-78;0;0;-77;0;-1,636;0,040;-0,039;
14:29:27:759;0;0;-77;0;0;-77;-1,633;0,040;-0,041;
14:29:27:759;0;0;-77;0;0;-77;-1,633;0,040;-0,041;
14:29:27:912;0;-77;0;0;-77;0;-1,633;0,037;-0,037;
14:29:27:914;0;-77;0;0;-77;0;-1,633;0,037;-0,037;
14:29:28:069;0;0;-78;0;0;-77;-1,643;0,042;-0,037;
14:29:28:069;0;0;-78;0;0;-77;-1,643;0,042;-0,037;
14:29:28:225;0;-79;0;0;-77;0;-1,636;0,037;-0,041;
14:29:28:428;0;0;-78;0;0;-77;-1,647;0,043;-0,040;
14:29:28:689;0;0;-78;0;0;-77;-1,644;0,043;-0,039;
14:29:28:690;0;0;-78;0;0;-77;-1,640;0,040;-0,041;
14:29:28:999;0;0;-77;0;0;-77;-1,636;0,037;-0,040;
14:29:29:000;0;0;-77;0;0;-77;-1,636;0,037;-0,040;
14:29:29:154;0;-77;0;0;-77;0;-1,640;0,040;-0,040;
14:29:29:154;0;-77;0;0;-77;0;-1,640;0,040;-0,040;
14:29:29:313;0;0;-77;0;0;-77;-1,638;0,041;-0,041;
14:29:29:313;0;0;-77;0;0;-77;-1,638;0,041;-0,041;
14:29:29:788;0;-77;0;0;-77;0;-1,630;0,037;-0,038;
14:29:29:789;0;-77;0;0;-77;0;-1,630;0,037;-0,038;
14:29:29:929;0;0;-76;0;0;-77;-1,631;0,033;-0,045;
14:29:29:930;0;0;-76;0;0;-77;-1,631;0,033;-0,045;
14:29:30:085;0;-76;0;0;-77;0;-1,638;0,035;-0,039;
14:29:30:085;0;-76;0;0;-77;0;-1,638;0,035;-0,039;
14:29:30:394;0;-76;0;0;-77;0;-1,639;0,039;-0,040;
14:29:30:395;0;-76;0;0;-77;0;-1,641;0,040;-0,038;
14:29:30:549;0;0;-76;0;0;-77;-1,623;0,037;-0,041;
14:29:30:728;0;-77;0;0;-77;0;-1,630;0,040;-0,041;
14:29:30:859;0;0;-77;0;0;-77;-1,626;0,036;-0,040;
14:29:30:860;0;0;-77;0;0;-77;-1,625;0,036;-0,040;
14:29:31:169;0;0;-76;0;0;-77;-1,626;0,037;-0,041;
14:29:31:169;0;0;-76;0;0;-77;-1,626;0,037;-0,041;
14:29:31:324;0;-77;0;0;-77;0;-1,632;0,039;-0,040;
14:29:31:324;0;-77;0;0;-77;0;-1,632;0,039;-0,040;
14:29:31:479;0;0;-77;0;0;-77;-1,629;0,039;-0,042;
14:29:31:479;0;0;-77;0;0;-77;-1,629;0,039;-0,042;
14:29:31:647;0;-77;0;0;-77;0;-1,631;0,039;-0,042;
14:29:32:113;0;0;-77;0;0;-77;-1,634;0,038;-0,041;
14:29:32:113;0;0;-77;0;0;-77;-1,634;0,038;-0,041;
14:29:32:254;0;-77;0;0;-77;0;-1,644;0,038;-0,042;
14:29:32:254;0;-77;0;0;-77;0;-1,644;0,038;-0,042;
14:29:32:409;0;0;-78;0;0;-77;-1,647;0,040;-0,042;
14:29:32:413;0;0;-78;0;0;-77;-1,644;0,038;-0,044;
14:29:32:564;0;-78;0;0;-77;0;-1,651;0,040;-0,039;
14:29:32:564;0;-78;0;0;-77;0;-1,651;0,040;-0,039;
14:29:32:719;0;0;-78;0;0;-77;-1,635;0,035;-0,048;
14:29:32:720;0;0;-78;0;0;-77;-1,635;0,035;-0,048;
14:29:32:874;0;-79;0;0;-77;0;-1,639;0,043;-0,057;
14:29:33:185;0;-78;0;0;-77;0;-1,629;0,037;-0,045;
14:29:33:184;0;-78;0;0;-77;0;-1,643;0,048;-0,048;
14:29:33:339;0;0;-78;0;0;-77;-1,640;0,043;-0,045;
14:29:33:342;0;0;-78;0;0;-77;-1,640;0,043;-0,045;
14:29:33:494;0;-78;0;0;-77;0;-1,633;0,041;-0,047;
14:29:33:494;0;-78;0;0;-77;0;-1,633;0,041;-0,047;
14:29:33:649;0;0;-77;0;0;-77;-1,636;0,040;-0,041;
14:29:33:649;0;0;-77;0;0;-77;-1,636;0,040;-0,041;
14:29:33:804;0;-77;0;0;-77;0;-1,634;0,038;-0,042;
14:29:33:805;0;-77;0;0;-77;0;-1,634;0,038;-0,042;
14:29:33:959;0;0;-78;0;0;-77;-1,630;0,038;-0,040;
14:29:34:734;0;-78;0;0;-77;0;-1,648;0,038;-0,036;
14:29:34:734;0;-78;0;0;-77;0;-1,648;0,038;-0,036;
14:29:34:889;0;0;-78;0;0;-77;-1,650;0,038;-0,040;
14:29:34:890;0;0;-78;0;0;-77;-1,652;0,040;-0,041;
14:29:35:200;0;0;-77;0;0;-77;-1,636;0,040;-0,040;
14:29:35:509;0;0;-78;0;0;-77;-1,630;0,038;-0,040;
14:29:35:514;0;0;-78;0;0;-77;-1,632;0,040;-0,037;
14:29:35:664;0;-79;0;0;-77;0;-1,632;0,040;-0,038;
14:29:35:664;0;-79;0;0;-77;0;-1,632;0,040;-0,038;
14:29:35:819;0;0;-78;0;0;-77;-1,632;0,040;-0,039;
14:29:35:819;0;0;-78;0;0;-77;-1,632;0,040;-0,039;
14:29:35:974;0;-79;0;0;-77;0;-1,634;0,042;-0,039;
14:29:35:974;0;-79;0;0;-77;0;-1,634;0,042;-0,039;
14:29:36:129;0;0;-79;0;0;-77;-1,636;0,041;-0,041;
14:29:36:129;0;0;-79;0;0;-77;-1,636;0,041;-0,041;
14:29:36:604;0;-78;0;0;-77;0;-1,633;0,040;-0,038;
14:29:36:604;0;-78;0;0;-77;0;-1,633;0,040;-0,038;
14:29:36:749;0;0;-79;0;0;-77;-1,635;0,041;-0,040;
14:29:36:749;0;0;-79;0;0;-77;-1,635;0,041;-0,040;
14:29:37:383;0;0;-76;0;0;-77;-1,560;-0,008;0,006;
14:29:37:679;0;0;-78;0;0;-77;-1,645;0,053;-0,056;
14:29:37:680;0;0;-78;0;0;-77;-1,645;0,053;-0,056;
14:29:37:834;0;-79;0;0;-77;0;-1,636;0,043;-0,043;
14:29:37:836;0;-79;0;0;-77;0;-1,636;0,043;-0,043;
14:29:37:989;0;0;-79;0;0;-77;-1,633;0,040;-0,041;
14:29:37:990;0;0;-79;0;0;-77;-1,635;0,042;-0,043;
14:29:38:144;0;-78;0;0;-77;0;-1,631;0,038;-0,036;
14:29:38:144;0;-78;0;0;-77;0;-1,631;0,038;-0,036;
14:29:38:454;0;-77;0;0;-77;0;-1,635;0,041;-0,038;
14:29:38:454;0;-77;0;0;-77;0;-1,635;0,041;-0,038;
14:29:38:609;0;0;-78;0;0;-77;-1,634;0,040;-0,041;
14:29:38:609;0;0;-78;0;0;-77;-1,634;0,040;-0,041;
14:29:38:764;0;-76;0;0;-77;0;-1,628;0,038;-0,039;
14:29:38:764;0;-76;0;0;-77;0;-1,628;0,038;-0,039;
14:29:38:919;0;0;-77;0;0;-77;-1,626;0,040;-0,039;
14:29:38:919;0;0;-77;0;0;-77;-1,626;0,040;-0,039;
14:29:39:074;0;-75;0;0;-77;0;-1,635;0,041;-0,039;
14:29:39:074;0;-75;0;0;-77;0;-1,635;0,041;-0,039;
14:29:39:700;0;-77;0;0;-77;0;-1,635;0,041;-0,039;
14:29:39:899;0;0;-79;0;0;-77;-1,634;0,040;-0,040;
14:29:40:004;0;-79;0;0;-77;0;-1,641;0,041;-0,042;
14:29:40:004;0;-79;0;0;-77;0;-1,641;0,041;-0,042;
14:29:40:159;0;0;-80;0;0;-77;-1,636;0,039;-0,039;
14:29:40:159;0;0;-80;0;0;-77;-1,636;0,039;-0,039;
14:29:40:314;0;-79;0;0;-77;0;-1,630;0,040;-0,040;
14:29:40:317;0;-79;0;0;-77;0;-1,631;0,041;-0,039;
14:29:40:624;0;-77;0;0;-77;0;-1,622;0,039;-0,038;
14:29:40:624;0;-77;0;0;-77;0;-1,622;0,039;-0,038;
14:29:40:779;0;0;-78;0;0;-78;-1,625;0,041;-0,039;
14:29:40:779;0;0;-78;0;0;-77;-1,625;0,041;-0,039;
14:29:40:934;0;-79;0;0;-77;0;-1,627;0,040;-0,040;
14:29:40:934;0;-79;0;0;-77;0;-1,627;0,040;-0,040;
14:29:41:090;0;0;-78;0;0;-78;-1,636;0,042;-0,039;
14:29:41:090;0;0;-78;0;0;-77;-1,636;0,042;-0,039;
14:29:41:244;0;-77;0;0;-77;0;-1,630;0,040;-0,038;
14:29:41:247;0;-77;0;0;-77;0;-1,630;0,040;-0,038;
14:29:41:399;0;0;-78;0;0;-78;-1,633;0,042;-0,040;
14:29:41:399;0;0;-78;0;0;-77;-1,633;0,042;-0,040;
14:29:41:553;0;-77;0;0;-77;0;-1,634;0,041;-0,040;
14:29:41:905;0;-77;0;0;-77;0;-1,636;0,040;-0,039;
14:29:42:022;0;0;-78;0;0;-78;-1,642;0,040;-0,040;
14:29:42:182;0;-84;0;0;-78;0;-1,641;0,039;-0,039;
14:29:42:484;0;-85;0;0;-78;0;-1,635;0,042;-0,038;
14:29:42:484;0;-85;0;0;-78;0;-1,635;0,042;-0,038;
14:29:42:636;0;0;-78;0;0;-78;-1,625;0,039;-0,039;
14:29:42:636;0;0;-78;0;0;-78;-1,625;0,039;-0,039;
14:29:42:797;0;-79;0;0;-78;0;-1,626;0,042;-0,039;
14:29:42:797;0;-79;0;0;-78;0;-1,626;0,042;-0,039;
14:29:42:949;0;0;-78;0;0;-78;-1,622;0,040;-0,041;
14:29:42:949;0;0;-78;0;0;-78;-1,622;0,040;-0,041;
14:29:43:104;0;-77;0;0;-78;0;-1,628;0,041;-0,039;
14:29:43:104;0;-77;0;0;-78;0;-1,628;0,041;-0,039;
14:29:43:258;0;0;-79;0;0;-78;-1,630;0,043;-0,040;
14:29:43:258;0;0;-79;0;0;-78;-1,630;0,043;-0,040;
14:29:43:414;0;-77;0;0;-78;0;-1,622;0,040;-0,041;
14:29:43:414;0;-77;0;0;-78;0;-1,622;0,040;-0,041;
14:29:43:569;0;0;-77;0;0;-78;-1,612;0,039;-0,038;
14:29:43:569;0;0;-77;0;0;-78;-1,612;0,039;-0,038;
14:29:43:726;0;-74;0;0;-78;0;-1,599;0,041;-0,041;
14:29:43:726;0;-74;0;0;-77;0;-1,599;0,041;-0,041;
14:29:43:876;0;0;-76;0;0;-78;-1,584;0,039;-0,040;
14:29:44:214;0;0;-78;0;0;-78;-1,586;0,041;-0,040;
14:29:44:219;0;0;-78;0;0;-78;-1,586;0,041;-0,040;
14:29:44:346;0;-76;0;0;-78;0;-1,594;0,040;-0,038;
14:29:44:654;0;-80;0;0;-78;0;-1,593;0,039;-0,038;
14:29:44:654;0;-80;0;0;-78;0;-1,593;0,039;-0,038;
14:29:44:805;0;0;-68;0;0;-77;-1,707;0,134;-0,092;
14:29:44:805;0;0;-68;0;0;-77;-1,707;0,134;-0,092;
