COUNTER FLAG;RSSI LEFT_ORIGIN;RSSI MIDDLE_ORIGIN;RSSI RIGHT_ORIGIN;RSSI TRUNK_ORIGIN;RSSI FRONTLEFT_ORIGIN;RSSI FRONTRIGHT_ORIGIN;RSSI REARLEFT_ORIGIN;RSSI REARRIGHT_ORIGIN
1;-89.504;-91.096;-85.184;-85.168;-68.392;-77.64;-57.912;-82.216
2;-84.61111111111111;-86.3425925925926;-82.71296296296296;-85.27777777777777;-63.157407407407405;-83.05555555555556;-60.28703703703704;-77.31481481481481
3;-89.49090909090908;-84.07272727272728;-86.14545454545454;-88.54545454545455;-64.66363636363636;-85.11818181818182;-64.54545454545455;-80.0909090909091
4;-86.93693693693693;-83.95495495495496;-88.14414414414415;-86.13513513513513;-67.6036036036036;-79.44144144144144;-64.78378378378379;-79.26126126126127
5;-88.84745762711864;-90.05084745762711;-77.14406779661017;-84.55932203389831;-71.12711864406779;-82.0;-70.5;-79.02542372881356
6;-84.66949152542372;-82.7457627118644;-75.0677966101695;-77.94067796610169;-71.86440677966101;-84.91525423728814;-62.82203389830509;-80.39830508474576
7;-85.97142857142858;-88.58095238095238;-78.4952380952381;-82.65714285714286;-63.94285714285714;-85.98095238095237;-54.8;-78.99047619047619
8;-87.22881355932203;-88.33050847457628;-88.2457627118644;-86.9322033898305;-65.15254237288136;-91.90677966101696;-54.09322033898305;-76.05084745762711
9;-94.3;-80.13636363636364;-81.46363636363637;-79.77272727272727;-67.06363636363636;-85.73636363636363;-59.04545454545455;-80.02727272727273
10;-81.97345132743362;-80.070796460177;-82.97345132743362;-78.49557522123894;-67.72566371681415;-93.33628318584071;-65.51327433628319;-86.7433628318584
11;-91.73275862068965;-84.9396551724138;-87.43103448275862;-84.0603448275862;-85.38793103448276;-87.90517241379311;-64.8103448275862;-89.52586206896552
12;-86.81896551724138;-80.16379310344827;-80.11206896551724;-76.04310344827586;-68.70689655172414;-91.28448275862068;-60.43103448275862;-81.58620689655173
13;-81.10434782608695;-85.79130434782608;-88.94782608695652;-78.91304347826087;-65.48695652173913;-92.30434782608695;-61.426086956521736;-84.92173913043479
14;-87.34513274336283;-84.75221238938053;-81.21238938053098;-78.84955752212389;-66.92035398230088;-88.23008849557522;-63.46017699115044;-88.1858407079646
15;-86.57758620689656;-80.61206896551724;-76.53448275862068;-81.6896551724138;-71.50862068965517;-94.94827586206897;-59.258620689655174;-78.4396551724138
16;-86.81818181818181;-80.6;-77.52727272727273;-84.39090909090909;-70.2909090909091;-86.58181818181818;-57.24545454545454;-84.82727272727273
17;-84.71052631578948;-93.37719298245614;-74.21929824561404;-86.17543859649123;-71.82456140350877;-93.50877192982456;-59.78947368421053;-74.12280701754386
18;-83.52991452991454;-86.08547008547009;-74.83760683760684;-83.96581196581197;-74.52136752136752;-90.19658119658119;-66.47008547008546;-75.54700854700855
19;-89.56756756756756;-82.83783783783784;-71.90090090090091;-76.30630630630631;-72.08108108108108;-89.31531531531532;-74.10810810810811;-75.63963963963964
20;-89.43103448275862;-78.42241379310344;-71.91379310344827;-74.38793103448276;-71.01724137931035;-92.09482758620689;-65.52586206896552;-76.0
21;-86.62280701754386;-88.96491228070175;-75.82456140350877;-75.33333333333333;-69.73684210526316;-86.04385964912281;-58.53508771929825;-75.36842105263158
22;-91.76363636363637;-82.7;-78.9090909090909;-80.60909090909091;-69.35454545454546;-89.32727272727273;-57.77272727272727;-73.07272727272728
23;-92.05797101449275;-81.39855072463769;-75.6159420289855;-83.66666666666667;-70.47101449275362;-90.8768115942029;-57.528985507246375;-72.23913043478261
24;-84.35714285714286;-94.72321428571429;-85.15178571428571;-79.79464285714286;-74.58035714285714;-79.08928571428571;-63.357142857142854;-79.40178571428571
25;-92.40350877192982;-90.10526315789474;-84.50877192982456;-80.24561403508773;-71.1842105263158;-80.14912280701755;-67.86842105263158;-83.8859649122807
26;-86.81651376146789;-89.04587155963303;-85.88073394495413;-82.76146788990826;-69.6788990825688;-78.44036697247707;-72.55045871559633;-82.81651376146789
27;-84.33898305084746;-81.89830508474576;-86.02542372881356;-89.4322033898305;-60.80508474576271;-84.89830508474576;-64.86440677966101;-78.53389830508475
28;-92.42342342342343;-81.06306306306307;-83.45945945945945;-85.17117117117117;-66.17117117117117;-80.13513513513513;-60.01801801801802;-79.47747747747748
29;-91.10526315789474;-85.74561403508773;-74.37719298245614;-87.35087719298245;-70.28070175438596;-89.30701754385964;-55.719298245614034;-79.79824561403508
30;-81.89473684210526;-84.69298245614036;-77.7719298245614;-79.24561403508773;-68.76315789473684;-88.85087719298245;-61.078947368421055;-87.14912280701755
31;-85.81981981981981;-88.12612612612612;-77.22522522522523;-75.92792792792793;-65.83783783783784;-92.5945945945946;-66.82882882882883;-79.94594594594595
32;-81.63963963963964;-81.55855855855856;-78.33333333333333;-82.08108108108108;-71.54054054054055;-91.66666666666667;-58.072072072072075;-86.83783783783784
33;-82.46428571428571;-78.66071428571429;-83.52678571428571;-81.07142857142857;-76.21428571428571;-88.79464285714286;-54.089285714285715;-81.49107142857143
34;-83.27027027027027;-82.58558558558559;-77.07207207207207;-84.36036036036036;-71.57657657657657;-88.93693693693693;-58.45945945945946;-75.8108108108108
35;-85.63478260869566;-81.96521739130435;-80.15652173913044;-79.56521739130434;-74.75652173913043;-93.17391304347827;-65.64347826086957;-84.73913043478261
36;-91.93693693693693;-84.96396396396396;-75.77477477477477;-81.84684684684684;-72.06306306306307;-90.29729729729729;-68.35135135135135;-83.15315315315316
37;-78.79816513761467;-76.60550458715596;-83.34862385321101;-77.96330275229357;-65.11926605504587;-91.77981651376147;-64.36697247706422;-76.77981651376147
38;-88.72173913043478;-79.92173913043479;-78.27826086956522;-78.51304347826087;-61.97391304347826;-93.43478260869566;-60.84347826086957;-76.18260869565218
39;-89.47826086956522;-89.06086956521739;-76.98260869565217;-75.55652173913043;-65.41739130434783;-88.45217391304348;-62.2;-80.27826086956522
40;-85.41739130434783;-84.51304347826087;-80.83478260869565;-76.80869565217391;-69.69565217391305;-90.49565217391304;-66.68695652173913;-77.95652173913044
41;-83.34234234234235;-90.54054054054055;-72.82882882882883;-83.46846846846847;-71.27927927927928;-87.48648648648648;-63.03603603603604;-74.54054054054055
42;-89.10091743119266;-79.88073394495413;-75.0;-74.3302752293578;-69.03669724770643;-84.90825688073394;-60.25688073394495;-71.56880733944953
43;-84.27049180327869;-84.00819672131148;-75.94262295081967;-73.5327868852459;-67.38524590163935;-88.26229508196721;-59.549180327868854;-72.45901639344262
44;-80.0;-81.30701754385964;-72.99122807017544;-77.21929824561404;-67.78070175438596;-88.32456140350877;-63.23684210526316;-77.47368421052632
45;-86.82882882882883;-86.27927927927928;-80.8018018018018;-81.12612612612612;-69.61261261261261;-91.1891891891892;-63.21621621621622;-74.24324324324324
46;-90.34453781512605;-86.76470588235294;-86.83193277310924;-75.28571428571429;-72.11764705882354;-88.42857142857143;-63.35294117647059;-72.0
47;-91.1231884057971;-88.23188405797102;-86.65217391304348;-79.40579710144928;-78.6231884057971;-85.20289855072464;-60.60144927536232;-77.57971014492753
48;-83.53097345132744;-91.10619469026548;-86.21238938053098;-84.27433628318585;-68.91150442477876;-87.54867256637168;-64.91150442477876;-80.94690265486726
49;-81.5304347826087;-87.97391304347826;-87.4608695652174;-82.25217391304348;-60.89565217391304;-87.41739130434783;-68.65217391304348;-77.94782608695652
50;-81.38793103448276;-86.12931034482759;-81.51724137931035;-83.81896551724138;-60.775862068965516;-83.34482758620689;-63.51724137931034;-75.43103448275862
51;-82.25;-84.66071428571429;-84.70535714285714;-84.0;-61.75892857142857;-80.44642857142857;-60.75;-77.08035714285714
52;-80.20535714285714;-84.15178571428571;-88.05357142857143;-82.89285714285714;-64.58928571428571;-75.60714285714286;-58.67857142857143;-77.91071428571429
53;-88.41025641025641;-82.6068376068376;-75.53846153846153;-79.24786324786325;-60.93162393162393;-84.22222222222223;-62.98290598290598;-83.00854700854701
54;-81.3157894736842;-86.78070175438596;-81.01754385964912;-76.17543859649123;-60.324561403508774;-83.71052631578948;-60.078947368421055;-86.9298245614035
55;-80.41071428571429;-82.71428571428571;-81.3125;-82.77678571428571;-66.34821428571429;-86.84821428571429;-55.785714285714285;-88.89285714285714
56;-84.9375;-82.07142857142857;-89.11607142857143;-79.61607142857143;-69.8125;-82.8125;-55.24107142857143;-86.69642857142857
57;-82.45689655172414;-84.30172413793103;-81.25862068965517;-76.15517241379311;-65.23275862068965;-78.75;-63.19827586206897;-91.3103448275862
58;-88.15652173913044;-81.05217391304348;-89.84347826086956;-91.3391304347826;-73.27826086956522;-78.87826086956522;-60.95652173913044;-93.45217391304348
59;-87.73684210526316;-85.35087719298245;-77.92105263157895;-77.46491228070175;-66.0701754385965;-83.63157894736842;-60.49122807017544;-92.82456140350877
60;-81.64220183486239;-76.76146788990826;-76.97247706422019;-76.08256880733946;-59.972477064220186;-74.1743119266055;-67.44954128440367;-91.89908256880734
61;-86.58119658119658;-88.35042735042735;-82.22222222222223;-88.11111111111111;-62.15384615384615;-80.91452991452991;-59.205128205128204;-86.14529914529915
62;-88.86086956521739;-90.10434782608695;-75.51304347826087;-78.26086956521739;-65.00869565217391;-89.02608695652174;-59.06956521739131;-85.24347826086957
63;-85.61739130434782;-86.08695652173913;-74.42608695652174;-84.74782608695652;-69.31304347826087;-77.92173913043479;-64.43478260869566;-91.98260869565217
64;-85.15454545454546;-88.26363636363637;-77.1;-78.75454545454545;-71.68181818181819;-72.56363636363636;-62.60909090909091;-90.27272727272727
65;-85.23931623931624;-86.11965811965813;-74.94017094017094;-78.97435897435898;-69.0;-74.6068376068376;-57.18803418803419;-90.76068376068376
66;-89.99122807017544;-83.36842105263158;-76.24561403508773;-79.15789473684211;-68.70175438596492;-76.1140350877193;-56.578947368421055;-90.49122807017544
67;-84.62280701754386;-84.23684210526316;-84.28070175438596;-89.85087719298245;-68.08771929824562;-79.2280701754386;-63.719298245614034;-88.98245614035088
68;-86.16071428571429;-83.83928571428571;-87.375;-80.10714285714286;-69.42857142857143;-77.5;-74.08035714285714;-89.41964285714286
69;-90.43076923076923;-95.3076923076923;-85.75384615384615;-80.42307692307692;-70.76923076923077;-72.14615384615385;-67.01538461538462;-87.76923076923077
70;-89.25217391304348;-88.61739130434782;-74.64347826086957;-85.0695652173913;-70.24347826086957;-76.98260869565217;-60.243478260869566;-82.21739130434783
71;-86.80172413793103;-90.61206896551724;-79.73275862068965;-84.25862068965517;-69.20689655172414;-80.45689655172414;-62.71551724137931;-82.8103448275862
72;-80.60185185185185;-90.24074074074075;-82.75;-83.0;-67.19444444444444;-80.8425925925926;-60.7037037037037;-80.9074074074074
73;-80.85470085470085;-87.42735042735043;-85.03418803418803;-80.8974358974359;-61.17094017094017;-77.93162393162393;-57.7008547008547;-83.7948717948718
74;-83.00862068965517;-81.76724137931035;-80.61206896551724;-80.42241379310344;-61.189655172413794;-82.53448275862068;-59.672413793103445;-85.9396551724138
75;-77.31818181818181;-81.56363636363636;-79.96363636363637;-86.42727272727272;-72.62727272727273;-82.73636363636363;-62.6;-77.7909090909091
76;-81.29357798165138;-79.19266055045871;-78.4954128440367;-77.10091743119266;-64.75229357798165;-83.98165137614679;-62.11926605504587;-77.61467889908256
77;-80.51754385964912;-81.6140350877193;-73.43859649122807;-80.6842105263158;-64.01754385964912;-86.75438596491227;-57.81578947368421;-86.73684210526316
78;-79.08403361344538;-79.90756302521008;-82.73109243697479;-78.6470588235294;-72.5126050420168;-87.0;-56.36134453781513;-80.36974789915966
79;-84.78571428571429;-79.41071428571429;-87.00892857142857;-87.1875;-71.03571428571429;-93.52678571428571;-55.63392857142857;-83.01785714285714
80;-84.13513513513513;-83.34234234234235;-75.21621621621621;-79.51351351351352;-64.81981981981981;-87.84684684684684;-54.4054054054054;-86.16216216216216
81;-78.61818181818182;-79.67272727272727;-86.48181818181818;-85.51818181818182;-63.336363636363636;-91.9;-58.63636363636363;-82.48181818181818
82;-85.94915254237289;-82.27118644067797;-75.77118644067797;-78.45762711864407;-66.83050847457628;-91.19491525423729;-61.313559322033896;-84.87288135593221
83;-89.41228070175438;-91.52631578947368;-74.7719298245614;-79.63157894736842;-72.79824561403508;-90.37719298245614;-62.94736842105263;-74.93859649122807
84;-85.56756756756756;-86.65765765765765;-73.86486486486487;-83.61261261261261;-64.46846846846847;-88.8108108108108;-59.75675675675676;-75.72972972972973
85;-85.83035714285714;-83.08035714285714;-73.58035714285714;-89.98214285714286;-66.70535714285714;-94.49107142857143;-60.151785714285715;-71.98214285714286
86;-89.53448275862068;-80.52586206896552;-71.16379310344827;-74.5603448275862;-66.45689655172414;-93.08620689655173;-67.20689655172414;-71.5
87;-88.92660550458716;-85.03669724770643;-71.8256880733945;-72.0091743119266;-69.5137614678899;-93.11009174311927;-57.65137614678899;-75.24770642201835
88;-78.33333333333333;-85.19166666666666;-72.04166666666667;-74.73333333333333;-71.4;-93.94166666666666;-62.86666666666667;-69.73333333333333
89;-86.6283185840708;-84.04424778761062;-80.08849557522124;-79.30973451327434;-73.68141592920354;-92.03539823008849;-58.15929203539823;-71.50442477876106
90;-89.13157894736842;-89.19298245614036;-81.02631578947368;-74.01754385964912;-71.33333333333333;-91.83333333333333;-58.35087719298246;-71.52631578947368
91;-83.89380530973452;-93.17699115044248;-83.47787610619469;-83.88495575221239;-67.72566371681415;-87.85840707964601;-61.39823008849557;-77.83185840707965
92;-81.61320754716981;-89.80188679245283;-80.24528301886792;-92.67924528301887;-68.0;-89.9622641509434;-61.77358490566038;-73.37735849056604
93;-81.3;-87.9;-88.58333333333333;-91.68333333333334;-65.74166666666666;-81.73333333333333;-69.025;-81.08333333333333
94;-82.98333333333333;-84.11666666666666;-83.95833333333333;-87.35833333333333;-68.50833333333334;-84.525;-60.00833333333333;-84.46666666666667
95;-83.86486486486487;-88.47747747747748;-75.93693693693693;-84.76576576576576;-67.54054054054055;-78.81981981981981;-62.6036036036036;-88.29729729729729
96;-90.14876033057851;-83.91735537190083;-74.81818181818181;-81.70247933884298;-61.81818181818182;-75.30578512396694;-62.950413223140494;-85.68595041322314
97;-80.39830508474576;-89.0;-78.61864406779661;-81.26271186440678;-60.228813559322035;-77.2542372881356;-60.80508474576271;-90.22881355932203
98;-85.53719008264463;-88.84297520661157;-84.0495867768595;-75.51239669421487;-73.9090909090909;-78.86776859504133;-60.85950413223141;-83.44628099173553
99;-77.35087719298245;-91.32456140350877;-82.50877192982456;-76.53508771929825;-58.40350877192982;-85.93859649122807;-59.04385964912281;-78.83333333333333
100;-79.8780487804878;-86.16260162601625;-71.82926829268293;-77.55284552845528;-64.52845528455285;-91.79674796747967;-56.3739837398374;-73.95121951219512
101;-82.91304347826087;-76.68695652173913;-72.0695652173913;-82.4608695652174;-66.89565217391305;-91.24347826086957;-57.19130434782609;-81.96521739130435
102;-81.075;-77.4;-76.71666666666667;-80.56666666666666;-72.03333333333333;-88.58333333333333;-51.666666666666664;-86.43333333333334
103;-79.59663865546219;-75.26050420168067;-82.27731092436974;-80.25210084033614;-69.85714285714286;-88.84033613445378;-53.64705882352941;-76.56302521008404
104;-80.37931034482759;-78.28448275862068;-79.17241379310344;-75.05172413793103;-67.55172413793103;-91.44827586206897;-55.310344827586206;-75.75862068965517
105;-85.4959349593496;-77.69918699186992;-74.72357723577235;-80.85365853658537;-69.4390243902439;-94.82113821138212;-56.642276422764226;-83.21138211382114
106;-87.29411764705883;-87.23529411764706;-77.29411764705883;-75.38655462184875;-70.22689075630252;-95.14285714285714;-68.49579831932773;-75.2016806722689
107;-83.28813559322033;-87.86440677966101;-80.69491525423729;-77.03389830508475;-71.28813559322033;-90.12711864406779;-58.59322033898305;-72.72033898305085
108;-84.275;-85.825;-72.65;-82.74166666666666;-66.79166666666667;-90.35;-62.175;-69.60833333333333
109;-87.75652173913043;-82.84347826086956;-73.0695652173913;-75.17391304347827;-71.28695652173913;-89.5304347826087;-63.87826086956522;-69.03478260869565
110;-80.39370078740157;-77.18110236220473;-73.55905511811024;-71.5275590551181;-71.1732283464567;-91.05511811023622;-56.24409448818898;-73.96062992125984
111;-89.60909090909091;-81.67272727272727;-82.38181818181818;-78.44545454545455;-67.46363636363637;-93.5909090909091;-54.236363636363635;-72.99090909090908
112;-83.45762711864407;-89.96610169491525;-81.77118644067797;-72.87288135593221;-66.96610169491525;-89.38135593220339;-58.50847457627118;-70.41525423728814
113;-84.94871794871794;-85.7094017094017;-77.99145299145299;-77.93162393162393;-66.31623931623932;-91.6923076923077;-61.60683760683761;-72.23931623931624
114;-83.68548387096774;-86.55645161290323;-81.25;-89.87096774193549;-66.1774193548387;-94.16935483870968;-60.54838709677419;-82.33064516129032
115;-89.31617647058823;-88.125;-86.58088235294117;-86.28676470588235;-67.44117647058823;-92.125;-62.98529411764706;-71.41911764705883
116;-88.27272727272727;-92.8989898989899;-83.01010101010101;-86.6969696969697;-66.66666666666667;-75.39393939393939;-66.45454545454545;-84.67676767676768
117;-80.59322033898304;-87.94915254237289;-82.2542372881356;-89.90677966101696;-68.37288135593221;-75.87288135593221;-63.144067796610166;-84.34745762711864
118;-81.52678571428571;-83.72321428571429;-85.64285714285714;-90.4375;-69.41964285714286;-79.08035714285714;-63.0625;-81.84821428571429
119;-78.9375;-92.03571428571429;-82.23214285714286;-84.32142857142857;-64.65178571428571;-79.00892857142857;-67.33928571428571;-82.16964285714286
120;-82.93577981651376;-92.22018348623853;-72.4770642201835;-86.42201834862385;-57.87155963302752;-87.56880733944953;-60.330275229357795;-83.0091743119266
121;-81.19834710743801;-91.38842975206612;-86.35537190082644;-84.31404958677686;-68.7603305785124;-82.0909090909091;-62.239669421487605;-84.67768595041322
122;-75.56756756756756;-88.23423423423424;-81.13513513513513;-85.05405405405405;-63.78378378378378;-92.009009009009;-60.333333333333336;-78.23423423423424
123;-79.77310924369748;-77.33613445378151;-81.43697478991596;-77.84873949579831;-63.7563025210084;-87.30252100840336;-56.63025210084034;-82.74789915966386
124;-75.54545454545455;-73.01818181818182;-70.25454545454545;-76.54545454545455;-73.16363636363636;-92.02727272727273;-55.53636363636364;-75.32727272727273
125;-73.29661016949153;-71.72033898305085;-76.12711864406779;-84.49152542372882;-68.65254237288136;-91.12711864406779;-53.720338983050844;-72.19491525423729
126;-85.97297297297297;-72.96396396396396;-75.42342342342343;-73.23423423423424;-68.53153153153153;-93.68468468468468;-53.270270270270274;-83.50450450450451
127;-76.44642857142857;-74.30357142857143;-82.0;-73.84821428571429;-69.36607142857143;-92.0625;-49.205357142857146;-77.73214285714286
128;-80.58407079646018;-85.30973451327434;-73.57522123893806;-73.64601769911505;-70.31858407079646;-92.7433628318584;-53.309734513274336;-80.63716814159292
129;-93.94915254237289;-77.00847457627118;-77.49152542372882;-74.41525423728814;-67.90677966101696;-94.39830508474576;-61.16949152542373;-77.20338983050847
130;-82.28695652173913;-84.00869565217391;-71.73913043478261;-76.84347826086956;-69.78260869565217;-90.97391304347826;-55.278260869565216;-78.56521739130434
131;-85.11926605504587;-84.09174311926606;-70.53211009174312;-75.11009174311927;-69.03669724770643;-93.5229357798165;-57.3394495412844;-72.40366972477064
132;-84.8695652173913;-78.4608695652174;-72.50434782608696;-71.27826086956522;-65.14782608695653;-92.44347826086957;-55.87826086956522;-77.01739130434783
133;-84.7304347826087;-88.3913043478261;-75.38260869565218;-72.84347826086956;-67.50434782608696;-87.66956521739131;-55.2;-71.12173913043478
134;-79.54385964912281;-91.47368421052632;-79.55263157894737;-73.5701754385965;-68.14035087719299;-91.71052631578948;-55.8859649122807;-74.00877192982456
135;-81.23636363636363;-85.9090909090909;-79.33636363636364;-79.17272727272727;-66.64545454545454;-92.66363636363636;-58.50909090909091;-68.67272727272727
136;-81.26724137931035;-86.28448275862068;-83.62931034482759;-84.54310344827586;-67.04310344827586;-90.67241379310344;-61.62068965517241;-65.13793103448276
137;-82.58407079646018;-94.7433628318584;-83.71681415929204;-81.79646017699115;-68.10619469026548;-91.52212389380531;-70.21238938053098;-70.07964601769912
138;-86.78461538461538;-94.8;-91.62307692307692;-80.78461538461538;-68.72307692307692;-93.38461538461539;-66.50769230769231;-81.95384615384616
139;-81.56302521008404;-87.4453781512605;-85.75630252100841;-80.28571428571429;-67.70588235294117;-73.10084033613445;-64.0;-83.96638655462185
140;-80.48245614035088;-89.91228070175438;-79.34210526315789;-88.02631578947368;-66.07894736842105;-80.64035087719299;-63.271929824561404;-85.49122807017544
141;-81.5701754385965;-89.51754385964912;-76.85087719298245;-86.93859649122807;-63.07017543859649;-76.05263157894737;-62.30701754385965;-83.95614035087719
142;-79.58771929824562;-82.19298245614036;-84.6842105263158;-86.98245614035088;-60.45614035087719;-71.7280701754386;-64.91228070175438;-87.85964912280701
143;-77.58620689655173;-89.28448275862068;-76.9396551724138;-84.98275862068965;-61.258620689655174;-76.26724137931035;-63.525862068965516;-80.57758620689656
144;-80.64285714285714;-84.55357142857143;-72.14285714285714;-88.3125;-68.07142857142857;-86.5625;-58.94642857142857;-81.60714285714286
145;-82.9298245614035;-89.12280701754386;-73.70175438596492;-79.71052631578948;-57.44736842105263;-85.4298245614035;-58.37719298245614;-77.6842105263158
146;-75.25;-79.06896551724138;-77.87068965517241;-77.31896551724138;-62.01724137931034;-86.59482758620689;-58.293103448275865;-87.3103448275862
147;-74.52212389380531;-76.42477876106194;-72.21238938053098;-76.29203539823008;-67.40707964601769;-89.04424778761062;-57.47787610619469;-77.47787610619469
148;-75.54464285714286;-72.82142857142857;-74.65178571428571;-74.91071428571429;-67.53571428571429;-88.49107142857143;-56.348214285714285;-72.16964285714286
149;-75.78378378378379;-79.93693693693693;-70.21621621621621;-81.16216216216216;-66.1891891891892;-95.55855855855856;-54.891891891891895;-75.72072072072072
150;-84.56521739130434;-77.10434782608695;-73.37391304347825;-76.43478260869566;-67.19130434782609;-92.88695652173914;-53.65217391304348;-77.72173913043478
151;-78.65789473684211;-78.60526315789474;-74.78070175438596;-75.56140350877193;-73.16666666666667;-91.17543859649123;-55.81578947368421;-72.14035087719299
152;-88.35652173913043;-85.80869565217391;-78.44347826086957;-76.54782608695652;-68.44347826086957;-88.6086956521739;-53.31304347826087;-79.22608695652174
153;-80.75229357798165;-81.5137614678899;-68.62385321100918;-82.44954128440367;-71.8256880733945;-85.86238532110092;-47.11009174311926;-73.89908256880734
154;-83.24369747899159;-74.95798319327731;-72.15126050420169;-74.11764705882354;-69.83193277310924;-90.38655462184875;-53.436974789915965;-78.77310924369748
155;-78.79130434782608;-90.64347826086957;-76.55652173913043;-72.41739130434783;-64.94782608695652;-90.70434782608696;-53.96521739130435;-79.8695652173913
156;-79.98260869565217;-84.91304347826087;-78.26086956521739;-73.51304347826087;-65.78260869565217;-91.84347826086956;-55.52173913043478;-81.81739130434782
157;-83.36283185840708;-92.23893805309734;-90.61946902654867;-74.4424778761062;-67.80530973451327;-90.20353982300885;-63.85840707964602;-75.26548672566372
158;-85.92173913043479;-96.33043478260869;-82.09565217391304;-82.00869565217391;-67.20869565217392;-93.95652173913044;-68.24347826086957;-70.43478260869566
159;-84.12173913043478;-97.78260869565217;-91.66956521739131;-81.63478260869566;-67.34782608695652;-90.16521739130435;-67.47826086956522;-69.01739130434783
160;-81.87610619469027;-93.30973451327434;-86.08849557522124;-87.00884955752213;-66.3716814159292;-89.35398230088495;-66.21238938053098;-67.76991150442478
161;-85.78761061946902;-90.10619469026548;-81.1858407079646;-83.15929203539822;-69.59292035398231;-87.68141592920354;-68.86725663716814;-74.99115044247787
162;-86.3970588235294;-85.20588235294117;-82.61764705882354;-83.20588235294117;-66.07352941176471;-77.3529411764706;-64.55882352941177;-85.22058823529412
163;-83.94690265486726;-83.02654867256638;-85.49557522123894;-88.76991150442478;-68.49557522123894;-72.01769911504425;-64.40707964601769;-85.01769911504425
164;-87.78813559322033;-80.72033898305085;-86.90677966101696;-86.50847457627118;-59.771186440677965;-70.77966101694915;-63.08474576271186;-84.13559322033899
165;-81.63478260869566;-90.37391304347825;-80.90434782608696;-80.3913043478261;-60.73913043478261;-74.44347826086957;-65.55652173913043;-82.97391304347826
166;-83.76724137931035;-85.05172413793103;-76.65517241379311;-80.94827586206897;-72.47413793103448;-71.88793103448276;-62.85344827586207;-85.76724137931035
167;-74.71186440677967;-82.72881355932203;-72.62711864406779;-81.26271186440678;-60.53389830508475;-77.90677966101696;-60.71186440677966;-84.51694915254237
168;-75.65178571428571;-86.53571428571429;-73.0625;-83.33035714285714;-54.357142857142854;-88.60714285714286;-60.75892857142857;-81.875
169;-81.22413793103448;-79.64655172413794;-70.52586206896552;-76.90517241379311;-59.689655172413794;-86.34482758620689;-58.241379310344826;-79.00862068965517
170;-75.18032786885246;-72.5327868852459;-78.37704918032787;-73.37704918032787;-66.0327868852459;-91.0327868852459;-55.67213114754098;-85.08196721311475
171;-73.58260869565217;-66.58260869565217;-68.82608695652173;-69.49565217391304;-62.8;-89.02608695652174;-56.11304347826087;-76.77391304347826
172;-74.7107438016529;-70.73553719008264;-73.15702479338843;-73.29752066115702;-64.74380165289256;-89.65289256198348;-53.65289256198347;-70.6198347107438
173;-75.77235772357723;-72.34959349593495;-71.09756097560975;-70.869918699187;-67.40650406504065;-89.5609756097561;-49.78861788617886;-71.3739837398374
174;-73.30701754385964;-73.66666666666667;-77.73684210526316;-73.60526315789474;-67.14912280701755;-91.5701754385965;-47.35964912280702;-72.92105263157895
175;-78.33613445378151;-78.6218487394958;-70.42857142857143;-71.31932773109244;-70.05882352941177;-90.10924369747899;-50.46218487394958;-75.91596638655462
176;-74.45454545454545;-76.57272727272728;-65.06363636363636;-73.41818181818182;-71.42727272727272;-91.0;-50.836363636363636;-72.36363636363636
177;-81.58870967741936;-72.61290322580645;-71.2258064516129;-73.62903225806451;-66.12903225806451;-89.66129032258064;-45.733870967741936;-78.68548387096774
178;-89.19327731092437;-84.70588235294117;-76.88235294117646;-72.0672268907563;-64.66386554621849;-90.14285714285714;-52.94117647058823;-73.98319327731092
179;-80.88793103448276;-87.61206896551724;-83.75862068965517;-71.0;-65.5;-89.44827586206897;-55.16379310344828;-75.75862068965517
180;-82.12280701754386;-89.70175438596492;-81.29824561403508;-78.96491228070175;-66.16666666666667;-89.07894736842105;-58.09649122807018;-72.4298245614035
181;-80.28448275862068;-88.23275862068965;-79.78448275862068;-80.57758620689656;-67.87068965517241;-92.54310344827586;-62.37931034482759;-70.76724137931035
182;-83.03361344537815;-91.10924369747899;-79.71428571428571;-90.3529411764706;-68.82352941176471;-91.02521008403362;-74.05882352941177;-74.65546218487395
183;-90.0672268907563;-88.26050420168067;-82.05042016806723;-81.05042016806723;-68.50420168067227;-88.63865546218487;-63.87394957983193;-66.6470588235294
184;-85.9795918367347;-91.74149659863946;-82.94557823129252;-81.91156462585035;-71.03401360544218;-89.92517006802721;-67.87755102040816;-70.91836734693878
185;-83.64356435643565;-84.66336633663366;-84.00990099009901;-87.62376237623762;-66.04950495049505;-71.58415841584159;-69.91089108910892;-89.87128712871286
186;-82.04273504273505;-85.83760683760684;-83.37606837606837;-89.77777777777777;-68.78632478632478;-73.75213675213675;-67.07692307692308;-87.83760683760684
187;-83.72972972972973;-82.08108108108108;-78.13513513513513;-84.85585585585585;-61.14414414414414;-73.45045045045045;-67.0;-88.71171171171171
188;-81.70175438596492;-82.1842105263158;-84.59649122807018;-88.56140350877193;-60.728070175438596;-71.9298245614035;-64.59649122807018;-90.50877192982456
189;-82.01754385964912;-87.82456140350877;-82.10526315789474;-89.06140350877193;-61.00877192982456;-87.2280701754386;-65.34210526315789;-84.80701754385964
190;-77.23728813559322;-82.66101694915254;-77.5;-80.27966101694915;-67.45762711864407;-82.67796610169492;-67.38135593220339;-86.94915254237289
191;-76.08333333333333;-84.33333333333333;-75.58333333333333;-84.16666666666667;-64.33333333333333;-85.66666666666667;-65.5;-87.91666666666667
192;-74.4;-85.2;-75.0;-87.8;-60.4;-86.2;-62.8;-80.6
193;-78.5;-78.0;-79.5;-81.0;-70.83333333333333;-88.33333333333333;-62.666666666666664;-78.83333333333333
194;-82.33333333333333;-79.33333333333333;-78.33333333333333;-74.66666666666667;-74.33333333333333;-89.66666666666667;-59.0;-80.0
195;-84.4;-83.8;-78.6;-82.0;-79.6;-89.0;-66.4;-80.2
196;-82.0;-88.2;-76.8;-79.8;-72.6;-91.4;-59.6;-78.8
197;-82.0;-89.0;-75.0;-81.66666666666667;-73.0;-95.0;-55.0;-75.33333333333333
198;-91.25;-86.25;-75.0;-80.75;-74.25;-94.0;-62.75;-79.0
199;-93.6;-89.8;-76.2;-72.4;-78.4;-93.4;-62.6;-82.8
200;-81.1657458563536;-84.58563535911603;-83.2486187845304;-62.64088397790055;-82.25414364640883;-91.39226519337016;-61.392265193370164;-67.10497237569061
201;-83.73913043478261;-83.20869565217392;-74.78260869565217;-75.04347826086956;-79.4;-92.73913043478261;-67.86086956521739;-71.85217391304347
202;-91.68376068376068;-93.54700854700855;-77.58974358974359;-80.23931623931624;-78.47863247863248;-89.98290598290598;-65.14529914529915;-70.91452991452991
203;-94.38738738738739;-91.03603603603604;-75.67567567567568;-76.33333333333333;-75.97297297297297;-91.91891891891892;-68.97297297297297;-70.62162162162163
204;-87.4054054054054;-83.12612612612612;-78.52252252252252;-78.8018018018018;-73.76576576576576;-90.57657657657657;-70.57657657657657;-65.990990990991
205;-91.7927927927928;-83.06306306306307;-80.53153153153153;-85.83783783783784;-78.32432432432432;-90.46846846846847;-68.009009009009;-63.234234234234236
206;-93.01709401709402;-86.61538461538461;-77.04273504273505;-82.16239316239316;-75.95726495726495;-88.36752136752136;-69.45299145299145;-69.11965811965813
207;-93.82142857142857;-90.71428571428571;-78.6875;-79.41071428571429;-74.28571428571429;-87.52678571428571;-70.9375;-69.03571428571429
208;-81.96551724137932;-91.39655172413794;-86.10344827586206;-82.27586206896552;-75.06896551724138;-72.73275862068965;-70.0;-85.39655172413794
209;-80.44827586206897;-89.10344827586206;-82.90517241379311;-83.59482758620689;-65.6896551724138;-69.62068965517241;-73.27586206896552;-88.26724137931035
210;-80.24107142857143;-91.20535714285714;-82.69642857142857;-82.08035714285714;-57.598214285714285;-68.09821428571429;-72.09821428571429;-85.50892857142857
211;-79.41592920353982;-90.98230088495575;-83.09734513274336;-81.30088495575221;-58.389380530973455;-69.10619469026548;-71.070796460177;-85.13274336283186
212;-80.38053097345133;-89.03539823008849;-76.46017699115045;-83.21238938053098;-56.45132743362832;-70.27433628318585;-69.8141592920354;-84.99115044247787
213;-80.10344827586206;-77.27586206896552;-72.04310344827586;-82.16379310344827;-66.87931034482759;-77.05172413793103;-76.07758620689656;-85.91379310344827
214;-78.43478260869566;-77.82608695652173;-76.17391304347827;-84.3913043478261;-65.34782608695652;-87.08695652173913;-70.0;-85.3913043478261
215;-73.25;-77.0;-74.75;-79.625;-60.5;-91.125;-59.125;-80.5
216;-76.0;-72.57142857142857;-65.85714285714286;-73.42857142857143;-61.142857142857146;-91.57142857142857;-55.0;-70.42857142857143
217;-70.42857142857143;-76.14285714285714;-68.0;-71.42857142857143;-70.57142857142857;-89.0;-52.142857142857146;-72.28571428571429
218;-79.33333333333333;-77.0;-71.58333333333333;-70.5;-72.75;-92.16666666666667;-42.166666666666664;-76.58333333333333
219;-81.83333333333333;-82.33333333333333;-72.5;-69.5;-75.0;-91.33333333333333;-61.0;-74.0
220;-89.0;-83.0;-75.0;-69.0;-72.8;-90.8;-63.8;-81.8
221;-87.71428571428571;-83.85714285714286;-80.85714285714286;-73.71428571428571;-83.57142857142857;-92.85714285714286;-63.285714285714285;-71.85714285714286
222;-82.16666666666667;-75.5;-74.25;-68.91666666666667;-86.16666666666667;-92.16666666666667;-73.66666666666667;-63.416666666666664
223;-76.67142857142858;-73.70714285714286;-70.55;-65.77857142857142;-89.37142857142857;-91.32142857142857;-70.61428571428571;-62.535714285714285
224;-74.82608695652173;-73.38260869565218;-67.04347826086956;-72.36521739130434;-89.81739130434782;-90.62608695652175;-69.6086956521739;-58.04347826086956
225;-84.34821428571429;-80.0;-69.69642857142857;-72.60714285714286;-89.39285714285714;-85.09821428571429;-72.00892857142857;-65.96428571428571
226;-78.31818181818181;-78.2090909090909;-84.56363636363636;-78.7090909090909;-83.68181818181819;-93.18181818181819;-71.76363636363637;-65.87272727272727
227;-80.44347826086957;-78.07826086956521;-79.76521739130435;-80.5391304347826;-84.02608695652174;-90.89565217391305;-76.28695652173913;-64.48695652173913
228;-82.29464285714286;-79.59821428571429;-79.13392857142857;-81.42857142857143;-82.84821428571429;-84.82142857142857;-71.45535714285714;-61.294642857142854
229;-85.00862068965517;-80.96551724137932;-80.78448275862068;-79.96551724137932;-80.11206896551724;-89.32758620689656;-70.05172413793103;-67.37931034482759
230;-84.89393939393939;-83.15151515151516;-83.81818181818181;-78.71212121212122;-84.02272727272727;-90.21969696969697;-73.41666666666667;-69.50757575757575
231;-88.90090090090091;-87.49549549549549;-85.12612612612612;-89.42342342342343;-66.3963963963964;-70.33333333333333;-71.57657657657657;-77.53153153153153
232;-89.54782608695652;-87.76521739130435;-83.55652173913043;-90.73913043478261;-66.8695652173913;-69.8;-78.43478260869566;-84.88695652173914
233;-87.83035714285714;-88.95535714285714;-83.54464285714286;-89.04464285714286;-62.86607142857143;-69.17857142857143;-74.67857142857143;-82.375
234;-92.52678571428571;-88.57142857142857;-83.75;-84.53571428571429;-57.517857142857146;-73.9375;-72.96428571428571;-84.28571428571429
235;-89.09009009009009;-84.48648648648648;-78.54054054054055;-83.29729729729729;-57.55855855855856;-74.38738738738739;-80.33333333333333;-86.88288288288288
236;-85.13793103448276;-85.97413793103448;-78.86206896551724;-78.83620689655173;-63.077586206896555;-76.07758620689656;-77.38793103448276;-84.40517241379311
237;-83.3076923076923;-84.84615384615384;-78.6923076923077;-83.53846153846153;-63.07692307692308;-76.53846153846153;-72.3076923076923;-82.53846153846153
238;-76.2;-88.6;-79.8;-85.8;-63.2;-83.8;-69.6;-81.8
239;-74.33333333333333;-76.0;-77.0;-90.0;-62.0;-83.0;-61.333333333333336;-78.33333333333333
240;-74.4;-73.2;-72.4;-77.4;-64.2;-83.2;-59.8;-77.0
241;-75.6;-70.0;-64.6;-72.6;-64.6;-89.0;-56.0;-74.0
242;-68.33333333333333;-71.33333333333333;-65.66666666666667;-76.0;-61.0;-88.33333333333333;-53.666666666666664;-69.0
243;-76.0;-72.0;-69.4;-68.2;-66.2;-88.8;-52.0;-69.6
244;-82.5;-79.75;-70.0;-69.0;-68.25;-89.0;-46.0;-72.75
245;-79.08;-75.0;-69.72;-72.64;-78.48;-89.32;-59.2;-70.8
246;-78.83116883116882;-71.33766233766234;-68.86363636363636;-59.05194805194805;-85.50649350649351;-86.72077922077922;-69.51948051948052;-66.85714285714286
247;-73.4608695652174;-71.8695652173913;-71.54782608695652;-66.94782608695652;-87.70434782608696;-89.77391304347826;-68.30434782608695;-57.904347826086955
248;-74.15044247787611;-75.67256637168141;-76.76106194690266;-73.72566371681415;-87.70796460176992;-89.91150442477876;-68.24778761061947;-55.05309734513274
249;-76.89915966386555;-80.82352941176471;-80.26890756302521;-75.95798319327731;-87.69747899159664;-89.80672268907563;-66.03361344537815;-60.11764705882353
250;-80.84684684684684;-85.36036036036036;-80.4054054054054;-74.72072072072072;-83.96396396396396;-88.48648648648648;-70.31531531531532;-61.351351351351354
251;-85.06306306306307;-87.23423423423424;-81.01801801801801;-79.46846846846847;-85.04504504504504;-89.78378378378379;-68.73873873873873;-65.5945945945946
252;-89.81967213114754;-88.99180327868852;-81.31147540983606;-81.21311475409836;-86.1639344262295;-85.35245901639344;-67.6639344262295;-65.22131147540983
253;-91.24603174603175;-94.88095238095238;-81.48412698412699;-77.3015873015873;-77.83333333333333;-84.81746031746032;-70.2063492063492;-65.25396825396825
254;-90.5;-89.35833333333333;-89.93333333333334;-89.68333333333334;-74.00833333333334;-85.425;-82.49166666666666;-76.96666666666667
255;-94.01785714285714;-86.75;-88.41964285714286;-87.96428571428571;-68.91071428571429;-75.28571428571429;-79.05357142857143;-75.67857142857143
256;-90.1875;-86.125;-90.01785714285714;-85.90178571428571;-66.33035714285714;-72.5625;-80.90178571428571;-79.57142857142857
257;-90.30701754385964;-82.09649122807018;-89.8859649122807;-82.3157894736842;-65.76315789473684;-68.19298245614036;-79.09649122807018;-79.6140350877193
258;-93.38260869565218;-79.61739130434782;-88.62608695652175;-81.72173913043478;-60.495652173913044;-67.82608695652173;-80.79130434782608;-83.5304347826087
259;-90.98214285714286;-78.88392857142857;-84.40178571428571;-82.11607142857143;-73.46428571428571;-76.625;-81.48214285714286;-78.61607142857143
260;-88.22222222222223;-79.07407407407408;-81.29629629629629;-80.37037037037037;-78.25925925925925;-71.03703703703704;-78.85185185185185;-72.74074074074075
261;-77.0;-74.8;-77.2;-72.8;-79.0;-65.4;-80.6;-63.8
262;-73.8;-73.0;-75.6;-74.8;-79.8;-69.0;-76.2;-60.4
263;-73.0;-77.85714285714286;-75.0;-71.57142857142857;-80.42857142857143;-73.14285714285714;-71.71428571428571;-59.142857142857146
264;-78.4;-79.0;-72.8;-62.0;-80.2;-74.0;-70.0;-46.8
265;-73.0;-84.0;-71.0;-71.0;-90.0;-91.0;-80.0;-44.0
266;-80.5;-84.0;-80.0;-71.0;-81.16666666666667;-89.0;-65.16666666666667;-47.5
267;-75.0;-84.0;-74.75;-70.0;-89.75;-86.25;-69.25;-46.0
268;-79.76;-87.02;-73.68;-70.66;-89.16;-86.78;-68.92;-46.12
269;-76.64035087719299;-84.53508771929825;-70.47368421052632;-64.93859649122807;-84.65789473684211;-84.95614035087719;-70.91228070175438;-44.53508771929825
270;-83.55652173913043;-89.34782608695652;-83.15652173913044;-65.69565217391305;-86.3391304347826;-86.55652173913043;-74.79130434782608;-58.31304347826087
271;-85.01754385964912;-91.26315789473684;-77.56140350877193;-68.14035087719299;-85.07894736842105;-88.43859649122807;-74.47368421052632;-61.28947368421053
272;-83.23275862068965;-93.02586206896552;-79.11206896551724;-69.26724137931035;-85.4396551724138;-87.75;-73.74137931034483;-60.0948275862069
273;-83.48648648648648;-94.1981981981982;-88.96396396396396;-74.84684684684684;-85.64864864864865;-78.56756756756756;-71.46846846846847;-61.75675675675676
274;-86.41322314049587;-89.8099173553719;-88.60330578512396;-76.42148760330579;-87.6198347107438;-87.52066115702479;-72.07438016528926;-68.39669421487604
275;-87.16071428571429;-91.22321428571429;-88.16071428571429;-73.71428571428571;-86.91071428571429;-85.21428571428571;-76.1875;-63.714285714285715
276;-85.88;-93.4;-87.76666666666667;-74.03333333333333;-87.93333333333334;-84.54;-73.06;-63.46666666666667
277;-90.52100840336135;-86.36974789915966;-87.21848739495799;-94.77310924369748;-67.98319327731092;-84.84033613445378;-86.7983193277311;-72.67226890756302
278;-91.5701754385965;-87.16666666666667;-87.99122807017544;-91.03508771929825;-68.66666666666667;-79.86842105263158;-73.49122807017544;-70.60526315789474
279;-93.40163934426229;-90.18032786885246;-85.11475409836065;-83.0;-64.31147540983606;-70.95901639344262;-73.88524590163935;-72.24590163934427
280;-87.83760683760684;-83.52136752136752;-87.05128205128206;-88.14529914529915;-67.16239316239316;-62.76923076923077;-80.48717948717949;-73.6923076923077
281;-82.98290598290598;-81.94871794871794;-80.35042735042735;-85.35897435897436;-76.3076923076923;-63.205128205128204;-78.3931623931624;-75.21367521367522
282;-85.07826086956521;-87.90434782608696;-74.9304347826087;-91.06086956521739;-67.8695652173913;-67.66956521739131;-83.34782608695652;-76.2695652173913
283;-84.65;-80.85;-76.9;-83.4;-75.75;-67.25;-77.95;-68.7
284;-75.2;-69.2;-71.6;-70.6;-84.0;-72.2;-76.2;-56.8
285;-72.0;-72.33333333333333;-76.66666666666667;-78.33333333333333;-85.33333333333333;-71.33333333333333;-79.33333333333333;-58.0
286;-71.2;-72.4;-68.6;-66.8;-84.4;-76.2;-70.6;-57.2
287;-68.5;-73.0;-74.75;-69.0;-83.5;-73.25;-70.5;-61.25
288;-70.0;-79.2;-69.6;-63.0;-81.0;-71.6;-69.8;-47.2
289;-70.0;-81.33333333333333;-80.33333333333333;-70.0;-79.0;-87.33333333333333;-70.0;-44.666666666666664
290;-71.4;-80.0;-72.2;-72.8;-81.2;-80.4;-71.6;-42.0
291;-81.03030303030303;-80.0909090909091;-74.62121212121212;-73.5;-85.92424242424242;-75.6969696969697;-72.71212121212122;-43.621212121212125
292;-77.63157894736842;-83.93859649122807;-75.76315789473684;-72.12280701754386;-82.83333333333333;-80.24561403508773;-70.3859649122807;-41.280701754385966
293;-79.50819672131148;-77.27049180327869;-74.76229508196721;-71.6639344262295;-84.82786885245902;-76.12295081967213;-70.45081967213115;-42.09836065573771
294;-77.58823529411765;-91.46218487394958;-76.2016806722689;-76.26890756302521;-83.24369747899159;-77.89075630252101;-76.11764705882354;-49.21848739495798
295;-83.60504201680672;-81.05882352941177;-82.09243697478992;-75.08403361344538;-85.66386554621849;-73.10084033613445;-67.9327731092437;-55.285714285714285
296;-85.25862068965517;-88.94827586206897;-84.98275862068965;-77.37068965517241;-89.87931034482759;-73.74137931034483;-72.18103448275862;-58.672413793103445
297;-89.98275862068965;-86.00862068965517;-90.31896551724138;-79.47413793103448;-86.40517241379311;-78.96551724137932;-70.05172413793103;-59.922413793103445
298;-79.6086956521739;-83.27826086956522;-82.77391304347826;-84.35652173913043;-87.84347826086956;-82.98260869565217;-71.65217391304348;-60.11304347826087
299;-79.2258064516129;-84.06451612903226;-82.9483870967742;-79.14838709677419;-78.41935483870968;-81.98064516129033;-72.47096774193548;-62.987096774193546
300;-93.23762376237623;-86.35643564356435;-87.01980198019803;-88.0990099009901;-70.46534653465346;-73.23762376237623;-70.17821782178218;-70.43564356435644
301;-91.27118644067797;-94.6864406779661;-80.76271186440678;-88.44915254237289;-65.84745762711864;-75.6864406779661;-69.78813559322033;-69.48305084745763
302;-90.04347826086956;-87.26086956521739;-84.1304347826087;-83.04347826086956;-66.24347826086957;-70.25217391304348;-68.83478260869565;-66.15652173913044
303;-86.65517241379311;-89.49137931034483;-81.89655172413794;-92.25862068965517;-62.310344827586206;-69.32758620689656;-80.84482758620689;-66.39655172413794
304;-83.5126050420168;-83.38655462184875;-78.43697478991596;-90.1344537815126;-63.016806722689076;-66.95798319327731;-69.26890756302521;-66.34453781512605
305;-94.72173913043478;-84.27826086956522;-77.14782608695653;-83.63478260869566;-70.91304347826087;-57.51304347826087;-73.74782608695652;-68.54782608695652
306;-80.67796610169492;-79.95762711864407;-81.90677966101696;-81.54237288135593;-77.85593220338983;-55.152542372881356;-81.1864406779661;-68.28813559322033
307;-85.32142857142857;-75.28571428571429;-75.33928571428571;-75.45535714285714;-85.10714285714286;-61.0;-83.42857142857143;-68.8125
308;-76.38524590163935;-72.18852459016394;-79.32786885245902;-70.72950819672131;-83.00819672131148;-67.37704918032787;-76.02459016393442;-63.33606557377049
309;-79.87719298245614;-67.89473684210526;-73.70175438596492;-80.90350877192982;-77.26315789473684;-62.74561403508772;-80.64912280701755;-65.12280701754386
310;-72.42148760330579;-70.96694214876032;-71.0;-77.61157024793388;-74.12396694214875;-64.03305785123968;-78.31404958677686;-69.43801652892562
311;-71.99152542372882;-69.33050847457628;-68.55084745762711;-74.9322033898305;-75.98305084745763;-66.2457627118644;-76.40677966101696;-68.20338983050847
312;-70.19491525423729;-71.27118644067797;-71.60169491525424;-71.78813559322033;-79.05084745762711;-68.09322033898304;-78.35593220338983;-63.36440677966102
313;-65.9322033898305;-71.33050847457628;-71.58474576271186;-73.45762711864407;-80.88135593220339;-67.15254237288136;-72.63559322033899;-65.34745762711864
314;-71.26315789473684;-75.34210526315789;-75.73684210526316;-68.2280701754386;-89.28070175438596;-70.64912280701755;-77.71052631578948;-51.20175438596491
315;-79.73728813559322;-84.77966101694915;-72.35593220338983;-68.01694915254237;-87.35593220338983;-72.08474576271186;-82.04237288135593;-53.55084745762712
316;-78.87179487179488;-81.41880341880342;-74.95726495726495;-83.94871794871794;-79.71794871794872;-70.77777777777777;-73.42735042735043;-55.52136752136752
317;-81.87179487179488;-91.42735042735043;-84.87179487179488;-75.2051282051282;-78.12820512820512;-71.17948717948718;-78.53846153846153;-54.23076923076923
318;-81.00854700854701;-86.41025641025641;-87.84615384615384;-72.85470085470085;-78.76923076923077;-72.36752136752136;-73.47008547008546;-56.085470085470085
319;-88.32478632478633;-85.67521367521367;-80.24786324786325;-77.75213675213675;-86.17948717948718;-74.55555555555556;-70.1880341880342;-57.94871794871795
320;-80.24786324786325;-83.05982905982906;-78.38461538461539;-80.92307692307692;-84.09401709401709;-78.66666666666667;-72.09401709401709;-61.64957264957265
321;-90.3109243697479;-92.90756302521008;-82.47058823529412;-80.53781512605042;-83.24369747899159;-83.27731092436974;-73.60504201680672;-57.05042016806723
322;-92.14285714285714;-85.47142857142858;-89.42857142857143;-81.35;-78.62142857142857;-80.62857142857143;-73.6;-61.49285714285714
323;-86.85950413223141;-82.71900826446281;-82.04132231404958;-89.44628099173553;-68.49586776859505;-71.2396694214876;-83.4297520661157;-69.90082644628099
324;-85.83783783783784;-88.0;-82.94594594594595;-94.36036036036036;-73.5945945945946;-78.18018018018019;-86.09009009009009;-67.2072072072072
325;-87.65789473684211;-88.47368421052632;-86.28070175438596;-86.43859649122807;-79.1140350877193;-69.8157894736842;-80.86842105263158;-66.75438596491227
326;-93.37272727272727;-91.96363636363637;-84.17272727272727;-88.76363636363637;-64.4;-65.49090909090908;-85.5;-68.21818181818182
327;-93.20689655172414;-88.44827586206897;-89.17241379310344;-86.27586206896552;-76.26724137931035;-64.48275862068965;-86.01724137931035;-67.13793103448276
328;-91.23076923076923;-81.6068376068376;-82.44444444444444;-89.53846153846153;-72.65811965811966;-56.64102564102564;-89.48717948717949;-64.72649572649573
329;-93.83185840707965;-81.69026548672566;-85.46902654867256;-80.00884955752213;-72.23893805309734;-54.530973451327434;-79.6283185840708;-68.20353982300885
330;-87.45217391304348;-80.28695652173913;-87.2;-73.68695652173913;-88.1304347826087;-66.55652173913043;-80.11304347826086;-65.56521739130434
331;-85.6875;-81.13392857142857;-83.04464285714286;-79.32142857142857;-79.09821428571429;-68.41964285714286;-77.65178571428571;-66.05357142857143
332;-76.46428571428571;-75.8125;-77.90178571428571;-74.25;-78.75;-60.17857142857143;-74.42857142857143;-64.32142857142857
333;-84.44347826086957;-74.36521739130434;-74.21739130434783;-76.1304347826087;-79.99130434782609;-60.573913043478264;-81.5391304347826;-58.165217391304346
334;-77.70434782608696;-74.18260869565218;-73.40869565217392;-77.80869565217391;-76.15652173913044;-61.36521739130435;-76.61739130434782;-60.04347826086956
335;-72.10714285714286;-77.03571428571429;-68.70535714285714;-69.84821428571429;-85.15178571428571;-63.07142857142857;-73.46428571428571;-56.017857142857146
336;-70.3076923076923;-81.1025641025641;-72.26495726495726;-67.42735042735043;-82.15384615384616;-67.05128205128206;-80.7008547008547;-57.17094017094017
337;-73.79646017699115;-80.33628318584071;-84.36283185840708;-71.19469026548673;-88.5575221238938;-70.67256637168141;-74.88495575221239;-59.34513274336283
338;-82.83333333333333;-86.57894736842105;-80.10526315789474;-74.05263157894737;-87.0;-68.33333333333333;-74.3157894736842;-63.63157894736842
339;-89.86842105263158;-85.74561403508773;-76.71929824561404;-77.43859649122807;-88.54385964912281;-71.12280701754386;-76.35964912280701;-58.3859649122807
340;-86.6355140186916;-80.10280373831776;-83.13084112149532;-80.8411214953271;-81.96261682242991;-71.61682242990655;-77.37383177570094;-59.3177570093458
341;-84.46610169491525;-81.1864406779661;-81.29661016949153;-78.4322033898305;-84.11864406779661;-76.44915254237289;-75.53389830508475;-63.73728813559322
342;-86.0677966101695;-85.69491525423729;-83.91525423728814;-81.78813559322033;-85.34745762711864;-78.54237288135593;-68.76271186440678;-64.47457627118644
343;-83.18018018018019;-93.14414414414415;-88.11711711711712;-79.86486486486487;-83.54054054054055;-78.63063063063063;-71.02702702702703;-61.288288288288285
344;-90.56481481481481;-93.21296296296296;-80.92592592592592;-83.1574074074074;-83.54629629629629;-74.48148148148148;-85.63888888888889;-61.129629629629626
345;-84.4748201438849;-86.67625899280576;-81.23741007194245;-84.61151079136691;-86.28057553956835;-75.15827338129496;-85.0863309352518;-63.985611510791365
346;-95.4274193548387;-89.90322580645162;-90.76612903225806;-88.12903225806451;-73.95161290322581;-77.98387096774194;-75.46774193548387;-71.58870967741936
347;-90.70434782608696;-92.86086956521739;-92.92173913043479;-90.93913043478261;-75.1304347826087;-71.0;-83.43478260869566;-71.19130434782609
348;-95.50387596899225;-92.9922480620155;-87.97674418604652;-90.28682170542636;-71.89922480620154;-67.51162790697674;-83.50387596899225;-67.91472868217055
349;-93.12844036697248;-94.11009174311927;-89.78899082568807;-88.63302752293578;-67.55963302752293;-66.74311926605505;-82.45871559633028;-67.22935779816514
350;-93.80327868852459;-87.8688524590164;-84.44262295081967;-89.65573770491804;-70.5327868852459;-60.23770491803279;-83.65573770491804;-67.0
351;-87.87179487179488;-87.41025641025641;-82.35897435897436;-82.8974358974359;-75.74358974358974;-62.92307692307692;-76.94871794871794;-68.23076923076923
352;-92.02752293577981;-81.64220183486239;-85.72477064220183;-79.92660550458716;-81.14678899082568;-59.69724770642202;-74.41284403669725;-66.53211009174312
353;-84.4074074074074;-80.24074074074075;-82.36111111111111;-81.67592592592592;-86.91666666666667;-70.63888888888889;-84.55555555555556;-66.38888888888889
354;-81.00909090909092;-86.55454545454545;-78.28181818181818;-84.10909090909091;-86.3;-61.336363636363636;-88.48181818181818;-65.73636363636363
355;-80.88617886178862;-76.88617886178862;-87.130081300813;-74.28455284552845;-78.86178861788618;-62.52845528455285;-91.0;-61.853658536585364
356;-79.89166666666667;-71.99166666666666;-76.71666666666667;-72.24166666666666;-75.31666666666666;-66.48333333333333;-91.0;-56.233333333333334
357;-90.63392857142857;-77.67857142857143;-83.99107142857143;-70.125;-80.1875;-65.07142857142857;-91.0;-55.25892857142857
358;-72.67857142857143;-79.54464285714286;-75.0;-72.53571428571429;-79.83928571428571;-67.5;-91.0;-55.142857142857146
359;-72.00925925925925;-76.81481481481481;-77.20370370370371;-71.45370370370371;-94.08333333333333;-75.69444444444444;-91.0;-60.148148148148145
360;-74.71311475409836;-81.10655737704919;-73.77049180327869;-75.5327868852459;-90.31967213114754;-70.69672131147541;-91.0;-60.942622950819676
361;-77.21848739495799;-81.9327731092437;-81.45378151260505;-74.21008403361344;-84.36134453781513;-68.89075630252101;-91.0;-65.56302521008404
362;-81.22608695652174;-81.64347826086957;-83.61739130434782;-72.26086956521739;-85.48695652173913;-72.74782608695652;-91.0;-64.34782608695652
363;-89.35185185185185;-87.87037037037037;-82.25;-81.35185185185185;-87.07407407407408;-78.07407407407408;-90.29629629629629;-62.638888888888886
364;-90.49579831932773;-89.43697478991596;-82.97478991596638;-89.63025210084034;-79.0;-74.89915966386555;-73.45378151260505;-65.63865546218487
365;-92.88679245283019;-90.00943396226415;-86.23584905660377;-81.38679245283019;-86.01886792452831;-85.95283018867924;-80.71698113207547;-66.04716981132076
366;-85.14049586776859;-90.13223140495867;-86.25619834710744;-82.38842975206612;-85.25619834710744;-73.52066115702479;-82.0;-63.917355371900825
367;-89.22115384615384;-90.13461538461539;-89.54807692307692;-88.8173076923077;-81.4423076923077;-72.0;-80.73076923076923;-68.98076923076923
368;-84.66666666666667;-84.85185185185185;-82.85925925925926;-79.46666666666667;-86.75555555555556;-71.5925925925926;-72.4;-63.46666666666667
369;-93.36904761904762;-93.08333333333333;-89.20238095238095;-92.85119047619048;-67.19047619047619;-65.0;-76.875;-71.64880952380952
370;-92.41904761904762;-92.57142857142857;-87.56190476190476;-93.03809523809524;-67.0;-61.457142857142856;-83.01904761904763;-66.76190476190476
371;-95.15966386554622;-95.0;-86.68067226890756;-87.68067226890756;-67.0;-62.0;-85.47899159663865;-66.87394957983193
372;-91.28695652173913;-90.02608695652174;-84.02608695652174;-84.51304347826087;-66.74782608695652;-62.0;-85.65217391304348;-62.3304347826087
373;-89.63559322033899;-83.89830508474576;-88.58474576271186;-81.41525423728814;-67.0;-62.0;-90.84745762711864;-63.432203389830505
374;-93.90825688073394;-88.07339449541284;-91.56880733944953;-85.05504587155963;-67.0;-62.0;-81.58715596330275;-66.95412844036697
375;-86.59130434782608;-85.3913043478261;-82.48695652173913;-86.95652173913044;-73.84347826086956;-58.504347826086956;-81.07826086956521;-63.26086956521739
376;-79.11504424778761;-95.0;-79.99115044247787;-88.99115044247787;-83.23008849557522;-60.0353982300885;-78.85840707964601;-60.663716814159294
377;-89.68595041322314;-77.52892561983471;-82.62809917355372;-76.27272727272727;-75.99173553719008;-70.64462809917356;-78.03305785123968;-62.51239669421488
378;-88.51754385964912;-77.5;-87.30701754385964;-72.44736842105263;-75.55263157894737;-74.0;-79.50877192982456;-60.89473684210526
379;-76.61111111111111;-73.26851851851852;-76.56481481481481;-77.82407407407408;-79.10185185185185;-67.5;-81.36111111111111;-60.138888888888886
380;-86.03361344537815;-83.76470588235294;-76.94117647058823;-72.77310924369748;-81.71428571428571;-63.680672268907564;-82.15126050420169;-66.31932773109244
381;-76.22522522522523;-75.65765765765765;-83.29729729729729;-77.04504504504504;-87.54054054054055;-69.69369369369369;-80.72072072072072;-62.93693693693694
382;-72.74107142857143;-81.51785714285714;-76.32142857142857;-73.05357142857143;-79.34821428571429;-66.0;-76.35714285714286;-63.4375
383;-77.40517241379311;-85.12068965517241;-76.42241379310344;-73.53448275862068;-86.91379310344827;-67.28448275862068;-83.26724137931035;-69.12931034482759
384;-81.23853211009174;-84.74311926605505;-80.5045871559633;-72.1743119266055;-88.86238532110092;-71.44954128440367;-80.27522935779817;-72.1559633027523
385;-77.31623931623932;-82.23076923076923;-86.96581196581197;-72.22222222222223;-87.23076923076923;-70.41025641025641;-76.64102564102564;-64.1880341880342
386;-87.93913043478261;-87.84347826086956;-78.65217391304348;-73.19130434782609;-80.50434782608696;-80.24347826086957;-75.5304347826087;-59.40869565217391
387;-84.44954128440367;-88.36697247706422;-79.46788990825688;-81.38532110091744;-82.01834862385321;-85.5137614678899;-80.75229357798165;-61.788990825688074
388;-92.65833333333333;-82.96666666666667;-78.58333333333333;-81.775;-83.95833333333333;-89.0;-74.74166666666666;-59.3
389;-89.4862385321101;-87.41284403669725;-78.13761467889908;-79.44036697247707;-85.01834862385321;-81.66055045871559;-71.98165137614679;-61.14678899082569
390;-92.13157894736842;-81.44736842105263;-85.59649122807018;-76.3859649122807;-86.47368421052632;-75.79824561403508;-73.79824561403508;-65.42105263157895
391;-87.1025641025641;-90.38461538461539;-88.31623931623932;-81.09401709401709;-82.71794871794872;-76.27350427350427;-70.4957264957265;-65.35897435897436
392;-91.3972602739726;-91.06164383561644;-88.71917808219177;-91.82191780821918;-67.93835616438356;-62.863013698630134;-83.23972602739725;-73.52739726027397
393;-92.63207547169812;-90.18867924528301;-84.20754716981132;-85.82075471698113;-69.65094339622641;-66.49056603773585;-83.65094339622641;-70.73584905660377
394;-91.46491228070175;-85.49122807017544;-90.7280701754386;-84.26315789473684;-70.75438596491227;-77.34210526315789;-77.73684210526316;-69.80701754385964
395;-90.37614678899082;-89.55045871559633;-87.88073394495413;-83.38532110091744;-74.21100917431193;-65.45871559633028;-81.5045871559633;-68.21100917431193
396;-93.75206611570248;-86.14049586776859;-89.10743801652893;-85.39669421487604;-71.40495867768595;-63.97520661157025;-80.9090909090909;-65.85123966942149
397;-93.96261682242991;-80.3644859813084;-87.70093457943925;-83.20560747663552;-78.79439252336448;-71.16822429906541;-84.18691588785046;-65.1214953271028
398;-89.34821428571429;-86.92857142857143;-88.53571428571429;-83.79464285714286;-74.59821428571429;-73.82142857142857;-83.36607142857143;-66.23214285714286
399;-86.97391304347826;-94.73913043478261;-79.77391304347826;-89.59130434782608;-80.0695652173913;-66.45217391304348;-76.25217391304348;-66.69565217391305
400;-86.76724137931035;-85.10344827586206;-87.39655172413794;-87.96551724137932;-79.98275862068965;-67.1896551724138;-80.69827586206897;-62.93103448275862
401;-89.08695652173913;-84.52173913043478;-88.15652173913044;-79.91304347826087;-78.2695652173913;-63.99130434782609;-82.66956521739131;-58.791304347826085
402;-79.04587155963303;-80.69724770642202;-77.57798165137615;-88.9908256880734;-82.09174311926606;-63.54128440366973;-79.44954128440367;-62.55045871559633
403;-92.125;-82.04464285714286;-87.70535714285714;-78.73214285714286;-80.32142857142857;-66.60714285714286;-84.41964285714286;-62.0
404;-80.07438016528926;-82.71900826446281;-86.17355371900827;-79.59504132231405;-84.2396694214876;-68.87603305785125;-79.06611570247934;-60.63636363636363
405;-76.78070175438596;-85.09649122807018;-77.53508771929825;-82.7280701754386;-85.25438596491227;-66.52631578947368;-86.67543859649123;-64.25438596491227
406;-75.02678571428571;-82.3125;-74.88392857142857;-72.66964285714286;-78.9375;-66.82142857142857;-81.46428571428571;-63.785714285714285
407;-82.6355140186916;-82.85046728971963;-83.99065420560747;-73.85981308411215;-87.81308411214954;-69.85981308411215;-81.66355140186916;-66.13084112149532
408;-79.99122807017544;-89.78070175438596;-77.5701754385965;-78.54385964912281;-90.99122807017544;-71.48245614035088;-78.79824561403508;-65.05263157894737
409;-82.35087719298245;-85.8859649122807;-81.99122807017544;-76.0;-90.46491228070175;-73.0;-75.50877192982456;-63.36842105263158
410;-88.56896551724138;-85.96551724137932;-82.70689655172414;-77.34482758620689;-84.5603448275862;-75.69827586206897;-72.04310344827586;-63.46551724137931
411;-93.78571428571429;-82.48214285714286;-84.83035714285714;-80.01785714285714;-82.79464285714286;-76.25;-71.14285714285714;-59.982142857142854
412;-93.41025641025641;-90.1880341880342;-86.5042735042735;-82.21367521367522;-84.88034188034187;-72.5042735042735;-70.0;-61.23076923076923
413;-91.6218487394958;-89.36974789915966;-79.36134453781513;-83.14285714285714;-88.54621848739495;-72.31932773109244;-71.67226890756302;-64.27731092436974
414;-87.38167938931298;-83.45801526717557;-81.64885496183206;-84.63358778625954;-88.89312977099236;-74.07633587786259;-73.26717557251908;-65.19847328244275
415;-92.51633986928104;-89.24183006535948;-83.3202614379085;-82.66013071895425;-74.84967320261438;-63.37908496732026;-87.84967320261438;-67.58169934640523
416;-90.85593220338983;-84.13559322033899;-89.12711864406779;-81.66101694915254;-71.54237288135593;-65.77966101694915;-84.57627118644068;-66.58474576271186
417;-86.66666666666667;-87.62393162393163;-84.48717948717949;-84.42735042735043;-71.86324786324786;-69.31623931623932;-84.55555555555556;-65.35897435897436
418;-91.1588785046729;-84.21495327102804;-88.04672897196262;-81.37383177570094;-71.4392523364486;-62.654205607476634;-76.85981308411215;-62.91588785046729
419;-95.70967741935483;-81.89516129032258;-84.0241935483871;-86.12096774193549;-70.3225806451613;-60.67741935483871;-80.71774193548387;-62.16935483870968
420;-92.11570247933884;-87.0495867768595;-84.3305785123967;-89.24793388429752;-71.69421487603306;-66.0495867768595;-80.13223140495867;-61.049586776859506
421;-81.80172413793103;-84.07758620689656;-85.39655172413794;-86.78448275862068;-73.5;-63.19827586206897;-85.87068965517241;-67.49137931034483
422;-88.975;-81.31666666666666;-86.09166666666667;-75.86666666666666;-77.79166666666667;-62.916666666666664;-75.93333333333334;-67.20833333333333
423;-84.92063492063492;-77.86507936507937;-88.42063492063492;-73.76190476190476;-80.51587301587301;-70.63492063492063;-81.33333333333333;-61.023809523809526
424;-90.51968503937007;-83.4724409448819;-91.00787401574803;-77.5748031496063;-81.05511811023622;-72.41732283464567;-87.49606299212599;-57.574803149606296
425;-82.2;-77.59;-87.22;-72.22;-83.04;-66.59;-79.57;-63.88
426;-95.35537190082644;-82.40495867768595;-82.34710743801652;-75.58677685950413;-75.16528925619835;-65.98347107438016;-84.48760330578513;-68.30578512396694
427;-84.43478260869566;-82.29565217391304;-77.82608695652173;-77.56521739130434;-81.57391304347826;-66.50434782608696;-76.71304347826087;-65.98260869565217
428;-79.39285714285714;-79.29285714285714;-85.75;-79.47857142857143;-88.41428571428571;-68.44285714285714;-78.55714285714286;-64.95714285714286
429;-74.67619047619047;-88.98095238095237;-90.93333333333334;-73.47619047619048;-80.38095238095238;-66.23809523809524;-81.68571428571428;-62.6
430;-76.08849557522124;-83.3716814159292;-78.8141592920354;-76.02654867256638;-83.12389380530973;-70.38938053097345;-78.00884955752213;-64.49557522123894
431;-85.13934426229508;-87.15573770491804;-83.40983606557377;-83.45081967213115;-90.67213114754098;-75.25409836065573;-79.90983606557377;-64.54918032786885
432;-76.99180327868852;-86.28688524590164;-77.18852459016394;-77.85245901639344;-86.26229508196721;-75.12295081967213;-78.02459016393442;-67.3360655737705
433;-81.3225806451613;-91.41935483870968;-81.45967741935483;-73.0;-86.04838709677419;-82.83064516129032;-78.51612903225806;-63.07258064516129
434;-93.05504587155963;-85.08256880733946;-81.88990825688073;-83.44954128440367;-81.22018348623853;-76.81651376146789;-73.27522935779817;-63.28440366972477
435;-90.59130434782608;-92.49565217391304;-89.20869565217392;-81.13913043478261;-79.55652173913043;-74.57391304347826;-74.01739130434783;-63.53913043478261
436;-91.89166666666667;-86.8;-81.08333333333333;-81.99166666666666;-81.10833333333333;-74.69166666666666;-70.325;-64.6
437;-93.38888888888889;-91.18055555555556;-83.16666666666667;-79.86805555555556;-84.625;-74.38888888888889;-71.74305555555556;-63.59027777777778
438;-86.96256684491979;-84.1711229946524;-85.57754010695187;-85.08021390374331;-75.55080213903743;-63.42245989304813;-76.90374331550802;-70.99465240641712
439;-92.48672566371681;-90.0;-91.89380530973452;-89.4424778761062;-74.99115044247787;-66.32743362831859;-85.32743362831859;-66.23008849557522
440;-92.82608695652173;-89.89565217391305;-89.16521739130435;-82.61739130434782;-72.49565217391304;-65.76521739130435;-80.98260869565217;-67.62608695652175
441;-93.28461538461538;-92.26153846153846;-88.03076923076924;-88.76153846153846;-77.83076923076923;-68.38461538461539;-80.26153846153846;-66.53846153846153
442;-89.52678571428571;-82.29464285714286;-90.66071428571429;-83.32142857142857;-72.94642857142857;-66.70535714285714;-79.07142857142857;-63.419642857142854
443;-83.0672268907563;-91.10084033613445;-85.0672268907563;-91.26050420168067;-71.69747899159664;-68.01680672268908;-88.34453781512605;-59.252100840336134
444;-87.0;-93.29310344827586;-85.3103448275862;-83.14655172413794;-77.02586206896552;-73.40517241379311;-82.66379310344827;-63.66379310344828
445;-86.79508196721312;-85.28688524590164;-83.25409836065573;-79.06557377049181;-79.70491803278688;-70.22950819672131;-78.72950819672131;-67.12295081967213
446;-83.67543859649123;-84.02631578947368;-91.03508771929825;-77.16666666666667;-81.92105263157895;-70.2280701754386;-78.67543859649123;-70.21052631578948
447;-90.00869565217391;-85.95652173913044;-90.78260869565217;-82.56521739130434;-80.75652173913043;-68.59130434782608;-83.6608695652174;-64.8695652173913
448;-84.8125;-81.7109375;-91.8203125;-74.6640625;-77.4609375;-64.7578125;-80.2890625;-61.359375
449;-94.44736842105263;-76.51754385964912;-90.56140350877193;-84.10526315789474;-81.28070175438596;-64.04385964912281;-84.32456140350877;-61.12280701754386
450;-93.04878048780488;-83.73170731707317;-81.45528455284553;-80.73170731707317;-80.3821138211382;-66.7479674796748;-77.23577235772358;-65.72357723577235
451;-78.1025641025641;-75.80341880341881;-83.43589743589743;-79.2051282051282;-76.07692307692308;-69.03418803418803;-84.8974358974359;-69.6923076923077
452;-76.11607142857143;-81.74107142857143;-85.85714285714286;-72.67857142857143;-81.70535714285714;-70.58928571428571;-86.49107142857143;-68.90178571428571
453;-76.25210084033614;-84.08403361344538;-84.63025210084034;-72.28571428571429;-89.26050420168067;-74.22689075630252;-85.10084033613445;-67.01680672268908
454;-86.8780487804878;-81.39837398373983;-80.32520325203252;-81.36585365853658;-85.01626016260163;-78.47154471544715;-79.2439024390244;-67.39837398373983
455;-79.42201834862385;-93.24770642201835;-82.27522935779817;-74.19266055045871;-80.69724770642202;-76.33944954128441;-78.54128440366972;-65.64220183486239
456;-77.10619469026548;-94.05309734513274;-81.41592920353982;-74.19469026548673;-83.76991150442478;-73.53982300884955;-74.61946902654867;-65.07964601769912
457;-85.896;-88.976;-79.376;-74.728;-81.888;-72.216;-71.936;-67.336
458;-91.6046511627907;-86.89147286821705;-86.44961240310077;-90.2248062015504;-79.6046511627907;-74.24806201550388;-71.50387596899225;-64.44186046511628
459;-94.71929824561404;-85.3859649122807;-86.12280701754386;-78.41228070175438;-82.48245614035088;-71.56140350877193;-71.6140350877193;-64.97368421052632
460;-94.56363636363636;-86.60909090909091;-91.66363636363636;-83.7;-79.30909090909091;-72.94545454545455;-69.2909090909091;-64.6
461;-91.6625;-89.1125;-80.15;-87.7;-73.05;-64.3625;-76.7625;-69.3375
462;-87.125;-91.19166666666666;-87.3;-80.775;-77.90833333333333;-64.54166666666667;-79.09166666666667;-66.39166666666667
463;-93.184;-88.776;-88.16;-85.992;-71.752;-63.688;-82.504;-69.144
464;-89.5925925925926;-79.87037037037037;-85.75925925925925;-86.81481481481481;-70.30555555555556;-65.25925925925925;-77.31481481481481;-65.18518518518519
465;-89.56410256410257;-88.62393162393163;-88.92307692307692;-88.88888888888889;-83.07692307692308;-65.46153846153847;-83.56410256410257;-61.41025641025641
466;-84.3671875;-84.6484375;-83.0390625;-79.3203125;-75.21875;-69.265625;-82.9609375;-58.9375
467;-94.33898305084746;-83.5;-79.0;-78.09322033898304;-79.82203389830508;-73.3135593220339;-79.33898305084746;-59.03389830508475
468;-87.2072072072072;-86.90990990990991;-88.07207207207207;-76.17117117117117;-80.28828828828829;-70.34234234234235;-81.13513513513513;-59.2972972972973
469;-85.16806722689076;-81.21848739495799;-85.30252100840336;-80.5126050420168;-80.78991596638656;-70.31932773109244;-80.9327731092437;-68.87394957983193
470;-93.74380165289256;-84.65289256198348;-83.51239669421487;-81.36363636363636;-79.26446280991736;-67.33884297520662;-74.97520661157024;-69.65289256198348
471;-84.73983739837398;-80.0569105691057;-86.04878048780488;-78.69918699186992;-78.10569105691057;-67.16260162601625;-82.3089430894309;-67.69918699186992
472;-91.94827586206897;-75.5603448275862;-84.62068965517241;-74.51724137931035;-86.40517241379311;-66.82758620689656;-78.18103448275862;-66.27586206896552
473;-93.80833333333334;-79.79166666666667;-79.425;-80.925;-81.35833333333333;-70.425;-77.74166666666666;-64.23333333333333
474;-76.704;-84.472;-82.592;-79.464;-81.28;-71.32;-81.216;-65.096
475;-76.03333333333333;-80.19166666666666;-86.65;-72.34166666666667;-80.3;-82.65833333333333;-76.54166666666667;-63.766666666666666
476;-75.10344827586206;-86.40517241379311;-88.36206896551724;-73.62068965517241;-84.70689655172414;-73.57758620689656;-77.26724137931035;-66.58620689655173
477;-78.3963963963964;-85.58558558558559;-81.25225225225225;-79.27027027027027;-90.36936936936937;-76.78378378378379;-83.1891891891892;-67.1981981981982
478;-92.73451327433628;-83.07964601769912;-82.08849557522124;-78.8141592920354;-83.21238938053098;-73.33628318584071;-78.63716814159292;-65.929203539823
479;-80.16935483870968;-86.84677419354838;-83.45967741935483;-88.95161290322581;-81.33870967741936;-74.2258064516129;-77.1774193548387;-69.46774193548387
480;-79.80341880341881;-89.23931623931624;-82.21367521367522;-74.42735042735043;-87.17948717948718;-75.82051282051282;-74.97435897435898;-70.22222222222223
481;-89.86713286713287;-82.63636363636364;-75.7972027972028;-80.35664335664336;-84.15384615384616;-70.84615384615384;-73.54545454545455;-65.02097902097903
482;-93.33628318584071;-85.49557522123894;-87.61061946902655;-90.45132743362832;-79.75221238938053;-72.86725663716814;-75.36283185840708;-66.69911504424779
483;-93.12389380530973;-93.23893805309734;-85.12389380530973;-81.76106194690266;-80.34513274336283;-73.1858407079646;-71.34513274336283;-62.86725663716814
